,Date Submitted,Country,Source URL,Device,Browser,Are you a student or a professional?,Medium,OSGroup
0,2018-01-05 02:14:14,Indonesia,https://algorit.ma/data-science-academy/,desktop,Chrome 63.0.3239,Student                                        ,Others ,Windows
1,2018-01-05 06:55:28,Indonesia,https://algorit.ma/data-science-academy/,desktop,Firefox 58.0,Professional                                        ,Social Media / Online Ads,Windows
2,2018-01-05 07:26:38,Indonesia,https://algorit.ma/data-science-academy/,desktop,Chrome 61.0.3163,Professional                                        ,Social Media / Online Ads,Windows
3,2018-01-05 11:25:02,Indonesia,https://algorit.ma/data-science-academy/,desktop,Chrome 63.0.3239,Student                                        ,Social Media / Online Ads,Windows
4,2018-01-08 04:47:46,Indonesia,https://algorit.ma/data-science-academy/,desktop,Chrome 63.0.3239,Professional                                        ,Search Engine,Windows
5,2018-01-08 07:59:06,Indonesia,https://algorit.ma/data-science-academy/,desktop,Firefox 57.0,Professional                                        ,Search Engine,Windows
6,2018-01-08 12:57:49,Indonesia,https://algorit.ma/data-science-academy/,phone,Chrome Mobile 63.0.3239,Professional                                        ,Search Engine,Android
7,2018-01-09 01:49:49,United States,https://algorit.ma/data-science-academy/,desktop,Chrome 63.0.3239,Professional                                        ,Search Engine,Windows
8,2018-01-09 04:39:37,Indonesia,https://algorit.ma/data-science-academy/,desktop,Chrome 63.0.3239,Professional                                        ,Friends / Family ,Windows
9,2018-01-10 02:44:36,Indonesia,https://algorit.ma/data-science-academy/,desktop,Chrome 63.0.3239,Professional                                        ,Friends / Family ,Windows
10,2018-01-10 13:20:26,Indonesia,https://algorit.ma/data-science-academy/,desktop,Chrome 63.0.3239,Professional                                        ,Search Engine,Windows
11,,,,,,Student                                        ,,
12,2018-01-13 00:41:03,Indonesia,https://algorit.ma/data-science-academy/,desktop,Chrome 63.0.3239,,Social Media / Online Ads,Windows
13,2018-01-13 00:41:03,Indonesia,https://algorit.ma/data-science-academy/,desktop,Chrome 63.0.3239,Professional                                        ,Social Media / Online Ads,Windows
14,2018-01-13 04:47:38,Indonesia,https://algorit.ma/data-science-academy/,desktop,Chrome 63.0.3239,,Social Media / Online Ads,Windows
15,2018-01-13 06:25:47,Indonesia,https://algorit.ma/data-science-academy/,desktop,Chrome 63.0.3239,Professional                                        ,Friends / Family ,Mac
16,2018-01-15 03:23:56,Malaysia,https://algorit.ma/data-science-academy/,desktop,Chrome 63.0.3239,Student                                        ,Search Engine,Windows
17,2018-01-15 03:26:19,Indonesia,https://algorit.ma/data-science-academy/,desktop,Chrome 63.0.3239,Professional                                        ,Social Media / Online Ads,Windows
18,2018-01-15 17:14:04,Indonesia,https://algorit.ma/data-science-academy/,desktop,Chrome 63.0.3239,,Social Media / Online Ads,Mac
19,2018-01-15 17:14:04,Indonesia,https://algorit.ma/data-science-academy/,desktop,Chrome 63.0.3239,Professional                                        ,Social Media / Online Ads,Mac
20,2018-01-16 14:19:39,Indonesia,https://algorit.ma/data-science-academy/,desktop,Opera 50.0.2762,Professional                                        ,Search Engine,Windows
21,2018-01-17 08:10:38,Indonesia,https://algorit.ma/data-science-academy/,desktop,Chrome 63.0.3239,Professional                                        ,Social Media / Online Ads,Windows
22,2018-01-19 05:14:59,Indonesia,https://algorit.ma/data-science-academy/,desktop,Chrome 63.0.3239,Professional                                        ,Media Publishing,Windows
23,2018-01-20 01:45:21,Indonesia,https://algorit.ma/data-science-academy/,desktop,Opera 50.0.2762,Professional                                        ,Search Engine,Windows
24,2018-01-23 13:26:12,Indonesia,https://algorit.ma/data-science-academy/,desktop,Chrome 63.0.3239,Professional                                        ,Media Publishing,Windows
25,2018-01-24 03:07:00,Indonesia,https://algorit.ma/data-science-academy/,desktop,Chrome 63.0.3239,Student                                        ,Social Media / Online Ads,Mac
26,2018-01-25 03:40:25,Indonesia,https://algorit.ma/data-science-academy/,desktop,Chrome 56.0.2924,Professional                                        ,Media Publishing,Windows
27,2018-01-26 05:57:46,Indonesia,https://algorit.ma/data-science-academy/,desktop,Chrome 63.0.3239,Professional                                        ,Media Publishing,Windows
28,2018-01-29 23:50:23,Indonesia,https://algorit.ma/data-science-academy/,desktop,Chrome 63.0.3239,Professional                                        ,Friends / Family ,Windows
29,2018-01-31 06:05:05,Indonesia,https://algorit.ma/data-science-academy/,desktop,Chrome 63.0.3239,Student                                        ,Media Publishing,Windows
30,2018-01-31 09:59:34,Indonesia,https://algorit.ma/data-science-academy/,desktop,Firefox 59.0,Student                                        ,Search Engine,Linux
31,2018-01-31 10:22:24,Indonesia,https://algorit.ma/data-science-academy/,desktop,Chrome 63.0.3239,Professional                                        ,Media Publishing,Windows
32,2018-02-02 08:58:26,Indonesia,https://algorit.ma/data-science-academy/,desktop,Chrome 63.0.3239,Professional                                        ,Social Media / Online Ads,Windows
33,2018-02-02 17:07:12,Indonesia,https://algorit.ma/data-science-academy/,phone,Mobile Safari 11.0,Professional                                        ,Search Engine,iOS
34,2018-02-06 03:11:12,Indonesia,https://algorit.ma/data-science-academy/,desktop,Chrome 64.0.3282,Professional                                        ,Media Publishing,Windows
35,2018-02-06 03:21:33,Indonesia,https://algorit.ma/data-science-academy/,desktop,Chrome 63.0.3239,Professional                                        ,Others ,Windows
36,2018-02-06 16:42:26,Indonesia,https://algorit.ma/data-science-academy/,phone,Chrome Mobile 64.0.3282,Student                                        ,Social Media / Online Ads,Android
37,2018-02-08 07:15:23,,https://algorit.ma/data-science-academy/,desktop,Chrome 63.0.3239,Professional                                        ,Media Publishing,Windows
38,2018-02-08 09:00:51,Indonesia,https://algorit.ma/data-science-academy/,desktop,Firefox 52.0,Professional                                        ,Search Engine,Windows
39,2018-02-08 14:44:32,Indonesia,https://algorit.ma/data-science-academy/,desktop,Chrome 63.0.3239,Student                                        ,Search Engine,Windows
40,2018-02-10 15:36:42,Indonesia,https://algorit.ma/data-science-academy/,desktop,Chrome 64.0.3282,Student                                        ,Social Media / Online Ads,Windows
41,2018-02-12 07:40:44,Indonesia,https://algorit.ma/data-science-academy/,desktop,Edge 16.16299,Professional                                        ,Social Media / Online Ads,Windows
42,2018-02-12 11:11:22,Indonesia,https://algorit.ma/data-science-academy/,desktop,Safari 11.0,,Social Media / Online Ads,Mac
43,2018-02-13 18:02:51,Hong Kong,https://algorit.ma/data-science-academy/,desktop,Chrome 64.0.3282,,Social Media / Online Ads,Windows
44,2018-02-13 18:02:52,Hong Kong,https://algorit.ma/data-science-academy/,desktop,Chrome 64.0.3282,Student                                        ,Social Media / Online Ads,Windows
45,2018-02-16 11:06:40,Indonesia,https://algorit.ma/data-science-academy/,desktop,Chrome 64.0.3282,Professional                                        ,Search Engine,Mac
46,2018-02-16 23:55:34,Indonesia,https://algorit.ma/data-science-academy/,desktop,Chrome 64.0.3282,Professional                                        ,Media Publishing,Windows
47,2018-02-17 06:18:20,Singapore,https://algorit.ma/data-science-academy/,desktop,Chrome 64.0.3282,Student                                        ,Search Engine,Windows
48,2018-02-17 08:07:21,Indonesia,https://algorit.ma/data-science-academy/,desktop,Safari 11.0.3,Professional                                        ,Media Publishing,Mac
49,2018-02-18 04:48:50,Indonesia,https://algorit.ma/data-science-academy/,desktop,Chrome 64.0.3282,Student                                        ,Social Media / Online Ads,Windows
50,2018-02-20 03:13:05,Indonesia,https://algorit.ma/data-science-academy/,desktop,Chrome 49.0.2623,Professional                                        ,Social Media / Online Ads,Windows
51,2018-02-20 04:03:04,Indonesia,https://algorit.ma/data-science-academy/,desktop,Safari 11.0.3,Professional                                        ,Social Media / Online Ads,Mac
52,2018-02-21 08:55:49,Indonesia,https://algorit.ma/data-science-academy/,desktop,Chrome 64.0.3282,Professional                                        ,Media Publishing,Windows
53,2018-02-21 15:24:41,Indonesia,https://algorit.ma/data-science-academy/,desktop,Chrome 63.0.3239,Professional                                        ,Social Media / Online Ads,Windows
54,2018-02-22 06:14:58,Indonesia,https://algorit.ma/data-science-academy/,desktop,Chrome 64.0.3282,Professional                                        ,Search Engine,Windows
55,2018-02-22 09:22:31,Indonesia,https://algorit.ma/data-science-academy/,desktop,Firefox 58.0,Professional                                        ,Social Media / Online Ads,Linux
56,2018-02-26 13:17:49,Indonesia,https://algorit.ma/data-science-academy/,desktop,Chrome 63.0.3239,Student                                        ,Friends / Family ,Windows
57,2018-02-27 03:59:35,Indonesia,https://algorit.ma/data-science-academy/,desktop,Firefox 58.0,Professional                                        ,Search Engine,Windows
58,2018-02-28 04:30:17,Indonesia,https://algorit.ma/data-science-academy/,desktop,Chrome 64.0.3282,Student                                        ,Friends / Family ,Windows
59,2018-02-28 04:55:18,Indonesia,https://algorit.ma/data-science-academy/,desktop,Firefox 53.0,Student                                        ,Friends / Family ,Windows
60,2018-02-28 11:17:26,Indonesia,https://algorit.ma/data-science-academy/,desktop,Chrome 64.0.3282,Student                                        ,Social Media / Online Ads,Windows
61,2018-03-04 16:31:50,Indonesia,https://algorit.ma/data-science-academy/,desktop,Chrome 64.0.3282,Student                                        ,Search Engine,Windows
62,2018-03-05 14:24:27,Indonesia,https://algorit.ma/data-science-academy/,desktop,Firefox 33.0,Student                                        ,Others ,Windows
63,2018-03-06 02:15:04,Indonesia,https://algorit.ma/data-science-academy/,desktop,Chrome 64.0.3282,Professional                                        ,Friends / Family ,Mac
64,2018-03-06 08:04:46,Indonesia,https://algorit.ma/data-science-academy/,desktop,Firefox 58.0,Professional                                        ,Social Media / Online Ads,Windows
65,2018-03-06 10:43:29,Indonesia,https://algorit.ma/data-science-academy/,desktop,Chrome 64.0.3282,Student                                        ,Search Engine,Windows
66,2018-03-07 19:53:12,Indonesia,https://algorit.ma/data-science-academy/,desktop,Firefox 58.0,Professional                                        ,Search Engine,Windows
67,2018-03-09 18:03:12,India,https://algorit.ma/data-science-academy/,desktop,Firefox 60.0,Student                                        ,Search Engine,Windows
68,,,,,,Professional                                        ,,
69,2018-03-12 13:24:05,Indonesia,https://algorit.ma/data-science-academy/,desktop,Chrome 65.0.3325,Professional                                        ,Social Media / Online Ads,Windows
70,2018-03-12 20:13:14,Indonesia,https://algorit.ma/data-science-academy/,desktop,Chrome 64.0.3282,,Search Engine,Windows
71,2018-03-12 20:13:14,Indonesia,https://algorit.ma/data-science-academy/,desktop,Chrome 64.0.3282,Student                                        ,Media Publishing,Windows
72,2018-03-13 08:42:52,Indonesia,https://algorit.ma/data-science-academy/,phone,UC Browser 12.0.0,Professional                                        ,Social Media / Online Ads,Android
73,2018-03-13 18:26:09,Indonesia,https://algorit.ma/data-science-academy/,tablet,Chrome 38.0.2125,Professional                                        ,Others ,Android
74,2018-03-13 18:26:09,Indonesia,https://algorit.ma/data-science-academy/,desktop,Chrome 64.0.3282,Professional                                        ,Search Engine,Windows
75,2018-03-15 02:29:57,Indonesia,https://algorit.ma/data-science-academy/,desktop,Chrome 64.0.3282,Professional                                        ,Search Engine,Windows
76,2018-03-15 07:36:16,Indonesia,https://algorit.ma/data-science-academy/,desktop,Firefox 58.0,Professional                                        ,Media Publishing,Windows
77,2018-03-16 05:50:47,Indonesia,https://algorit.ma/data-science-academy/,desktop,Safari 11.0.3,Professional                                        ,Social Media / Online Ads,Mac
78,2018-03-16 08:12:10,Indonesia,https://algorit.ma/data-science-academy/,desktop,Firefox 59.0,Student                                        ,Search Engine,Windows
79,,,,,,Professional                                        ,,
80,2018-03-19 03:17:10,Indonesia,https://algorit.ma/data-science-academy/,desktop,Chrome 64.0.3282,Professional                                        ,Social Media / Online Ads,Windows
81,2018-03-19 15:10:50,Indonesia,https://algorit.ma/data-science-academy/,desktop,Chrome 64.0.3282,Professional                                        ,Others ,Mac
82,2018-03-21 08:10:08,Indonesia,https://algorit.ma/data-science-academy/,desktop,Chrome 64.0.3282,,Search Engine,Windows
83,2018-03-21 08:10:30,Indonesia,https://algorit.ma/data-science-academy/,desktop,Chrome 64.0.3282,Student                                        ,Search Engine,Windows
84,2018-03-22 03:30:24,Indonesia,https://algorit.ma/data-science-academy/,desktop,Chrome 65.0.3325,Student                                        ,Email,Windows
85,2018-03-22 03:38:15,Indonesia,https://algorit.ma/data-science-academy/,desktop,Chrome 64.0.3282,,Search Engine,Windows
86,2018-03-22 09:22:34,Indonesia,https://algorit.ma/data-science-academy/,desktop,Chrome 65.0.3325,Professional                                        ,Search Engine,Windows
87,2018-03-22 09:37:48,Indonesia,https://algorit.ma/data-science-academy/,desktop,Chrome 64.0.3282,Student                                        ,Social Media / Online Ads,Windows
88,2018-03-22 15:41:45,Indonesia,https://algorit.ma/data-science-academy/,desktop,Chrome 64.0.3282,Professional                                        ,Search Engine,Mac
89,2018-03-23 00:20:07,Indonesia,https://algorit.ma/data-science-academy/,desktop,Chrome 65.0.3325,Professional                                        ,Email,Windows
90,2018-03-23 10:51:28,Indonesia,https://algorit.ma/data-science-academy/,desktop,Firefox 59.0,Student                                        ,Social Media / Online Ads,Windows
91,2018-03-24 14:41:03,Indonesia,https://algorit.ma/data-science-academy/,desktop,Chrome 65.0.3325,Student                                        ,Social Media / Online Ads,Mac
92,2018-03-25 08:06:35,Indonesia,https://algorit.ma/data-science-academy/,desktop,Chrome 65.0.3325,Student                                        ,Media Publishing,Mac
93,2018-03-25 14:04:05,Indonesia,https://algorit.ma/data-science-academy/,desktop,Firefox 58.0,Student                                        ,Media Publishing,Linux
94,2018-03-25 14:12:38,Indonesia,https://algorit.ma/data-science-academy/,desktop,Chrome 65.0.3325,Student                                        ,Media Publishing,Windows
95,2018-03-25 22:27:45,Indonesia,https://algorit.ma/data-science-academy/,desktop,Safari 11.0.3,Professional                                        ,Search Engine,Mac
96,2018-03-26 03:02:19,Indonesia,https://algorit.ma/data-science-academy/,desktop,Chrome 65.0.3325,,Friends / Family ,Windows
97,2018-03-26 03:14:27,Indonesia,https://algorit.ma/data-science-academy/,desktop,Chrome 65.0.3325,Professional                                        ,Search Engine,Mac
98,2018-03-26 04:40:09,Indonesia,https://algorit.ma/data-science-academy/,desktop,Firefox 59.0,Professional                                        ,Social Media / Online Ads,Windows
99,2018-03-26 14:35:43,Indonesia,https://algorit.ma/data-science-academy/,desktop,Chrome 65.0.3325,Student                                        ,Social Media / Online Ads,Windows
100,2018-03-27 01:35:19,Indonesia,https://algorit.ma/data-science-academy/,desktop,Chrome 65.0.3325,Professional                                        ,Media Publishing,Mac
101,2018-03-27 02:25:22,Indonesia,https://algorit.ma/data-science-academy/,phone,Chrome Mobile 65.0.3325,Professional                                        ,Friends / Family ,Android
102,2018-03-27 02:50:21,Indonesia,https://algorit.ma/data-science-academy/,desktop,Chrome 65.0.3325,,Friends / Family ,Windows
103,2018-03-27 02:50:21,Indonesia,https://algorit.ma/data-science-academy/,desktop,Chrome 65.0.3325,Professional                                        ,Friends / Family ,Windows
104,2018-03-27 06:57:22,Indonesia,https://algorit.ma/data-science-academy/,desktop,Chrome 65.0.3325,,Search Engine,Windows
105,2018-03-27 06:57:22,Indonesia,https://algorit.ma/data-science-academy/,desktop,Chrome 65.0.3325,Professional                                        ,Search Engine,Windows
106,2018-03-27 06:57:23,Indonesia,https://algorit.ma/data-science-academy/,desktop,Chrome 65.0.3325,Professional                                        ,Search Engine,Windows
107,2018-03-27 15:44:40,Indonesia,https://algorit.ma/data-science-academy/,desktop,Chrome 65.0.3325,,Search Engine,Windows
108,2018-03-28 04:21:14,Indonesia,https://algorit.ma/data-science-academy/,desktop,Chrome 65.0.3325,Student                                        ,Media Publishing,Windows
109,2018-03-28 07:54:48,Indonesia,https://algorit.ma/data-science-academy/,desktop,Firefox 59.0,Professional                                        ,Friends / Family ,Windows
110,2018-03-28 08:25:36,Indonesia,https://algorit.ma/data-science-academy/,desktop,Chrome 65.0.3325,Student                                        ,Social Media / Online Ads,Windows
111,2018-03-28 15:40:23,Indonesia,https://algorit.ma/data-science-academy/,desktop,Chrome 65.0.3325,Student                                        ,Others ,Windows
112,2018-03-28 16:28:46,Indonesia,https://algorit.ma/data-science-academy/,desktop,Chrome 65.0.3325,,Search Engine,Windows
113,2018-04-01 17:27:12,Indonesia,https://algorit.ma/data-science-academy/,desktop,Chrome 63.0.3239,Student                                        ,Media Publishing,Windows
114,2018-04-03 09:07:51,Indonesia,https://algorit.ma/data-science-academy/,desktop,Chrome 65.0.3325,Student                                        ,Search Engine,Windows
115,2018-04-05 06:06:35,Indonesia,https://algorit.ma/data-science-academy/,desktop,Chrome 65.0.3325,Student                                        ,Email,Windows
116,2018-04-05 06:34:29,Indonesia,https://algorit.ma/data-science-academy/,desktop,Safari 11.0.3,Professional                                        ,Others ,Mac
117,2018-04-05 10:57:30,Indonesia,https://algorit.ma/data-science-academy/,desktop,Edge 15.15063,Professional                                        ,Email,Windows
118,2018-04-06 02:21:14,Indonesia,https://algorit.ma/data-science-academy/,desktop,Chrome 65.0.3325,Student                                        ,Email,Windows
119,2018-04-06 08:47:05,Vietnam,https://algorit.ma/data-science-academy/,desktop,Firefox 59.0,Professional                                        ,Media Publishing,Windows
120,2018-04-08 07:17:08,Indonesia,https://algorit.ma/data-science-academy/,desktop,Chrome 65.0.3325,Professional                                        ,Media Publishing,Windows
121,2018-04-09 02:27:06,Indonesia,https://algorit.ma/data-science-academy/,desktop,Chrome 58.0.3029,Professional                                        ,Media Publishing,Windows
122,2018-04-09 04:48:07,Indonesia,https://algorit.ma/data-science-academy/,desktop,Chrome 65.0.3325,Student                                        ,Social Media / Online Ads,Windows
123,2018-04-11 02:18:01,Indonesia,https://algorit.ma/data-science-academy/,desktop,Firefox 53.0,Professional                                        ,Search Engine,Windows
124,2018-04-11 04:35:33,Indonesia,https://algorit.ma/data-science-academy/,desktop,Chrome 65.0.3325,Professional                                        ,Media Publishing,Windows
125,2018-04-11 15:05:53,Indonesia,https://algorit.ma/data-science-academy/,phone,Chrome Mobile 65.0.3325,Professional                                        ,Search Engine,Android
126,2018-04-16 13:06:37,Indonesia,https://algorit.ma/data-science-academy/,desktop,Chrome 65.0.3325,Professional                                        ,Search Engine,Mac
127,2018-04-17 20:30:56,Indonesia,https://algorit.ma/data-science-academy/,phone,Mobile Safari 11.0,,Others ,iOS
128,2018-04-18 00:39:13,Indonesia,https://algorit.ma/data-science-academy/,desktop,Chrome 65.0.3325,,Social Media / Online Ads,Mac
129,2018-04-18 03:53:05,Indonesia,https://algorit.ma/data-science-academy/,desktop,Chrome 65.0.3325,Professional                                        ,Search Engine,Windows
130,2018-04-19 09:30:00,Indonesia,https://algorit.ma/data-science-academy/,desktop,Chrome 65.0.3325,Professional                                        ,Search Engine,Windows
131,2018-04-21 08:23:21,Indonesia,https://algorit.ma/data-science-academy/,phone,Chrome Mobile 65.0.3325,Professional                                        ,Search Engine,Android
132,2018-04-21 10:53:48,Indonesia,https://algorit.ma/data-science-academy/,desktop,Chrome 65.0.3325,Student                                        ,Search Engine,Windows
133,2018-04-24 05:46:32,Indonesia,https://algorit.ma/data-science-academy/,desktop,Firefox 57.0,Student                                        ,Media Publishing,Windows
134,2018-04-24 07:16:40,Indonesia,https://algorit.ma/data-science-academy/,desktop,Firefox 59.0,Professional                                        ,Others ,Windows
135,2018-04-26 02:51:11,Indonesia,https://algorit.ma/data-science-academy/,desktop,Chrome 60.0.0,Professional                                        ,Social Media / Online Ads,Windows
136,2018-04-27 03:10:39,Indonesia,https://algorit.ma/data-science-academy/,desktop,Chrome 65.0.3325,,Social Media / Online Ads,Windows
137,2018-04-27 09:06:37,Indonesia,https://algorit.ma/data-science-academy/,desktop,Chrome 65.0.3325,Professional                                        ,Social Media / Online Ads,Windows
138,2018-04-28 10:03:01,Indonesia,https://algorit.ma/data-science-academy/,desktop,Safari 10.1,Professional                                        ,Social Media / Online Ads,Mac
139,2018-04-28 22:36:49,Indonesia,https://algorit.ma/data-science-academy/,phone,Chrome Mobile 53.0.2785,Student                                        ,Search Engine,Android
140,2018-04-29 10:03:12,Indonesia,https://algorit.ma/data-science-academy/,desktop,Chrome 65.0.3325,Professional                                        ,Search Engine,Windows
141,2018-04-29 15:31:23,Indonesia,https://algorit.ma/data-science-academy/,desktop,Chrome 65.0.3325,Student                                        ,Social Media / Online Ads,Windows
142,2018-04-30 05:14:38,Indonesia,https://algorit.ma/data-science-academy/,desktop,Chrome 65.0.3325,Student                                        ,Media Publishing,Windows
143,2018-04-30 10:24:27,Indonesia,https://algorit.ma/data-science-academy/,desktop,Chrome 66.0.3359,,Others ,Windows
144,2018-05-01 07:38:59,Indonesia,https://algorit.ma/data-science-academy/,desktop,Chrome 66.0.3359,Professional                                        ,Search Engine,Windows
145,2018-05-01 07:49:08,Indonesia,https://algorit.ma/data-science-academy/,desktop,Chrome 65.0.3325,Professional                                        ,Others ,Windows
146,2018-05-02 09:14:32,Indonesia,https://algorit.ma/data-science-academy/,desktop,Chrome 63.0.3239,Student                                        ,Friends / Family ,Linux
147,2018-05-03 07:30:35,Indonesia,https://algorit.ma/data-science-academy/,desktop,Chrome 66.0.3359,Student                                        ,Friends / Family ,Windows
148,2018-05-03 09:08:10,Indonesia,https://algorit.ma/data-science-academy/,tablet,Chrome 66.0.3359,Professional                                        ,Social Media / Online Ads,Android
149,2018-05-07 10:40:37,Indonesia,https://algorit.ma/data-science-academy/,desktop,Chrome 65.0.3325,Professional                                        ,Social Media / Online Ads,Windows
150,2018-05-09 04:03:48,Indonesia,https://algorit.ma/data-science-academy/,desktop,Chrome 66.0.3359,,Search Engine,Windows
151,2018-05-14 04:16:40,Indonesia,https://algorit.ma/data-science-academy/,desktop,Chrome 66.0.3359,Professional                                        ,Search Engine,Windows
152,2018-05-16 02:54:08,Indonesia,https://algorit.ma/data-science-academy/,desktop,Chrome 66.0.3359,,Others ,Windows
153,2018-05-16 03:50:15,Indonesia,https://algorit.ma/data-science-academy/,desktop,Safari 10.0.3,Professional                                        ,Others ,Mac
154,2018-05-18 02:47:41,Indonesia,https://algorit.ma/data-science-academy/,desktop,Firefox 59.0,Professional                                        ,Media Publishing,Windows
155,2018-05-19 06:36:02,Indonesia,https://algorit.ma/data-science-academy/,desktop,Chrome 66.0.3359,,Social Media / Online Ads,Windows
156,2018-05-20 10:44:16,Indonesia,https://algorit.ma/data-science-academy/,desktop,Firefox 58.0,Student                                        ,Search Engine,Linux
157,2018-05-21 05:59:23,Indonesia,https://algorit.ma/data-science-academy/,desktop,Opera 52.0.2871,Professional                                        ,Search Engine,Windows
158,2018-05-21 07:59:25,Indonesia,https://algorit.ma/data-science-academy/,desktop,Chrome 66.0.3359,Professional                                        ,Social Media / Online Ads,Windows
159,2018-05-22 07:40:50,Indonesia,https://algorit.ma/data-science-academy/,desktop,Chrome 66.0.3359,Professional                                        ,Search Engine,Windows
160,2018-05-23 09:52:09,Indonesia,https://algorit.ma/data-science-academy/,desktop,Chrome 66.0.3359,Student                                        ,Search Engine,Windows
161,2018-05-23 15:56:37,Indonesia,https://algorit.ma/data-science-academy/,desktop,Chrome 66.0.3359,Student                                        ,Search Engine,Windows
162,2018-05-23 19:30:07,Indonesia,https://algorit.ma/data-science-academy/,desktop,Firefox 60.0,,Search Engine,Windows
163,2018-05-26 11:06:03,Indonesia,https://algorit.ma/data-science-academy/,desktop,Chrome 66.0.3359,Student                                        ,Others ,Windows
164,2018-05-27 07:22:22,Indonesia,https://algorit.ma/data-science-academy/,desktop,Chrome 66.0.3359,Professional                                        ,Friends / Family ,Windows
165,2018-05-30 10:14:00,Indonesia,https://algorit.ma/data-science-academy/,desktop,Chrome 65.0.3325,,Search Engine,Windows
166,2018-05-31 18:49:15,Indonesia,https://algorit.ma/data-science-academy/,desktop,Chrome 66.0.3359,Professional                                        ,Media Publishing,Linux
167,2018-06-11 14:56:12,Indonesia,https://algorit.ma/data-science-academy/,desktop,Chrome 67.0.3396,Student                                        ,Search Engine,Windows
168,2018-06-15 12:19:25,Indonesia,https://algorit.ma/data-science-academy/,desktop,Chrome 67.0.3396,Professional                                        ,Social Media / Online Ads,Windows
169,2018-06-15 23:43:26,Indonesia,https://algorit.ma/data-science-academy/,phone,Chrome Mobile 66.0.3359,Student                                        ,Email,Android
170,2018-06-17 14:57:43,Indonesia,https://algorit.ma/data-science-academy/,tablet,Chrome 67.0.3396,Student                                        ,Media Publishing,Android
171,2018-06-18 17:35:33,Indonesia,https://algorit.ma/data-science-academy/,desktop,Chrome 67.0.3396,Professional                                        ,Social Media / Online Ads,Windows
172,2018-06-20 07:55:49,Indonesia,https://algorit.ma/data-science-academy/,desktop,Firefox 60.0,Student                                        ,Media Publishing,Windows
173,2018-06-23 15:09:48,Indonesia,https://algorit.ma/data-science-academy/,desktop,Edge 17.17134,Professional                                        ,Social Media / Online Ads,Windows
174,2018-06-29 02:44:51,Indonesia,https://algorit.ma/data-science-academy/,desktop,Chrome 67.0.3396,Professional                                        ,Search Engine,Windows
175,2018-07-02 09:24:03,Indonesia,https://algorit.ma/data-science-academy/,phone,Chrome Mobile 61.0.3163,Student                                        ,Social Media / Online Ads,Android
176,2018-07-05 04:44:27,Indonesia,https://algorit.ma/data-science-academy/,desktop,Chrome 67.0.3396,Professional                                        ,Search Engine,Windows
177,2018-07-06 09:24:32,Indonesia,https://algorit.ma/data-science-academy/,desktop,Chrome 67.0.3396,Student                                        ,Search Engine,Windows
178,2018-07-09 07:20:06,Indonesia,https://algorit.ma/data-science-academy/,desktop,Chrome 67.0.3396,Professional                                        ,Others ,Windows
179,2018-07-10 17:33:31,Indonesia,https://algorit.ma/data-science-academy/,desktop,Chrome 55.0.2883,Professional                                        ,Search Engine,Windows
180,2018-07-11 09:01:44,Indonesia,https://algorit.ma/data-science-academy/,desktop,Chrome 67.0.3396,Professional                                        ,Social Media / Online Ads,Windows
181,2018-07-12 03:25:10,Indonesia,https://algorit.ma/data-science-academy/,desktop,Chrome 67.0.3396,,Search Engine,Windows
182,2018-07-13 08:34:50,Indonesia,https://algorit.ma/data-science-academy/,desktop,Chrome 67.0.3396,Professional                                        ,Search Engine,Windows
183,2018-07-14 09:44:57,Indonesia,https://algorit.ma/data-science-academy/,desktop,Safari 11.1.1,Professional                                        ,Search Engine,Mac
184,2018-07-15 06:21:56,Indonesia,https://algorit.ma/data-science-academy/,desktop,Safari 11.1.1,Student                                        ,Media Publishing,Mac
185,2018-07-16 05:58:09,Indonesia,https://algorit.ma/data-science-academy/,phone,Chrome Mobile 67.0.3396,Student                                        ,Search Engine,Android
186,2018-07-16 08:56:00,Indonesia,https://algorit.ma/data-science-academy/,desktop,Chrome 67.0.3396,Professional                                        ,Search Engine,Windows
187,2018-07-16 23:53:00,Indonesia,https://algorit.ma/data-science-academy/,phone,Chrome Mobile 65.0.3325,Professional                                        ,Search Engine,Android
188,2018-07-18 04:31:57,Indonesia,https://algorit.ma/data-science-academy/,desktop,Chrome 67.0.3396,Professional                                        ,Media Publishing,Windows
189,2018-07-18 18:12:03,Indonesia,https://algorit.ma/data-science-academy/,phone,Chrome Mobile 67.0.3396,Student                                        ,Media Publishing,Android
190,2018-07-20 21:32:03,Indonesia,https://algorit.ma/data-science-academy/,desktop,Chrome 67.0.3396,,Search Engine,Mac
191,2018-07-23 13:22:49,Indonesia,https://algorit.ma/data-science-academy/,desktop,Chrome 67.0.3396,Professional                                        ,Search Engine,Windows
192,2018-07-23 15:46:16,Indonesia,https://algorit.ma/data-science-academy/,desktop,Chrome 67.0.3396,Professional                                        ,Social Media / Online Ads,Windows
193,2018-07-26 03:28:58,Indonesia,https://algorit.ma/data-science-academy/,desktop,Safari 11.1,,Search Engine,Mac
194,2018-07-26 04:21:45,Indonesia,https://algorit.ma/data-science-academy/,desktop,Chrome 67.0.3396,Professional                                        ,Search Engine,Windows
195,,,,,,Student                                        ,,
196,2018-07-27 02:38:13,Indonesia,https://algorit.ma/data-science-academy/,desktop,Chrome 67.0.3396,Professional                                        ,Social Media / Online Ads,Windows
197,2018-08-02 01:15:17,Indonesia,https://algorit.ma/data-science-academy/,desktop,Chrome 67.0.3396,Professional                                        ,Media Publishing,Windows
198,2018-08-02 06:11:38,Indonesia,https://algorit.ma/data-science-academy/,desktop,Chrome 67.0.3396,,Social Media / Online Ads,Mac
199,2018-08-03 07:46:22,Indonesia,https://algorit.ma/data-science-academy/,desktop,Chrome 67.0.3396,Professional                                        ,Search Engine,Windows
200,2018-08-03 15:47:49,Indonesia,https://algorit.ma/data-science-academy/,desktop,Chrome 67.0.3396,Professional                                        ,Search Engine,Windows
201,2018-08-04 06:06:07,Indonesia,https://algorit.ma/data-science-academy/,desktop,Chrome 68.0.3440,Student                                        ,Search Engine,Windows
202,2018-08-06 10:44:28,Indonesia,https://algorit.ma/data-science-academy/,desktop,Firefox 61.0,Professional                                        ,Social Media / Online Ads,Windows
203,2018-08-07 10:35:28,Indonesia,https://algorit.ma/data-science-academy/,phone,Chrome Mobile 68.0.3440,Student                                        ,Media Publishing,Android
204,,,,,,Professional                                        ,,
205,2018-08-08 06:38:33,Indonesia,https://algorit.ma/data-science-academy/,desktop,Chrome 68.0.3440,Professional                                        ,Search Engine,Windows
206,2018-08-08 07:48:30,Indonesia,https://algorit.ma/data-science-academy/,desktop,Chrome 55.0.2883,Professional                                        ,Search Engine,Windows
207,2018-08-09 03:27:46,Indonesia,https://algorit.ma/data-science-academy/,desktop,Chrome 67.0.3396,Professional                                        ,Search Engine,Windows
208,2018-08-10 13:16:04,Indonesia,https://algorit.ma/data-science-academy/,desktop,Firefox 61.0,,Search Engine,Windows
209,2018-08-14 09:46:28,Indonesia,https://algorit.ma/data-science-academy/,desktop,Firefox 61.0,Student                                        ,Media Publishing,Windows
210,2018-08-16 06:13:01,Indonesia,https://algorit.ma/data-science-academy/,desktop,Opera 54.0.2952,,Friends / Family ,Windows
211,2018-08-16 09:57:59,Indonesia,https://algorit.ma/data-science-academy/,desktop,Firefox 61.0,Professional                                        ,Friends / Family ,Windows
212,2018-08-21 02:04:13,Indonesia,https://algorit.ma/data-science-academy/,desktop,Vivaldi 1.96.1147,Student                                        ,Social Media / Online Ads,Windows
213,2018-08-21 10:17:57,Indonesia,https://algorit.ma/data-science-academy/,desktop,Chrome 68.0.3440,Student                                        ,Email,Windows
214,2018-08-21 18:58:24,Indonesia,https://algorit.ma/data-science-academy/,desktop,Firefox 62.0,Professional                                        ,Search Engine,Windows
215,2018-08-24 00:25:42,Indonesia,https://algorit.ma/data-science-academy/,desktop,Safari 11.0.3,Student                                        ,Social Media / Online Ads,Mac
216,2018-08-24 05:58:39,Indonesia,https://algorit.ma/data-science-academy/,phone,Facebook 185.0.0,Student                                        ,Others ,Android
217,2018-08-24 13:02:22,Indonesia,https://algorit.ma/data-science-academy/,desktop,Chrome 68.0.3440,Professional                                        ,Search Engine,Windows
218,2018-08-24 22:50:07,Indonesia,https://algorit.ma/data-science-academy/,desktop,Chrome 68.0.3440,Student                                        ,Others ,Linux
219,2018-08-25 16:28:34,Indonesia,https://algorit.ma/data-science-academy/,desktop,Chrome 68.0.3440,Student                                        ,Social Media / Online Ads,Windows
220,2018-08-29 06:46:47,Indonesia,https://algorit.ma/data-science-academy/,desktop,Chrome 68.0.3440,Professional                                        ,Search Engine,Windows
221,2018-08-29 10:56:10,Indonesia,https://algorit.ma/data-science-academy/,desktop,Chrome 68.0.3440,Student                                        ,Social Media / Online Ads,Windows
222,2018-08-29 19:54:16,Indonesia,https://algorit.ma/data-science-academy/,desktop,Chrome 68.0.3440,,Email,Windows
223,2018-08-31 03:49:38,Indonesia,https://algorit.ma/data-science-academy/,desktop,Chrome 68.0.3440,Professional                                        ,Search Engine,Mac
224,2018-09-01 00:17:12,Indonesia,https://algorit.ma/data-science-academy/,desktop,Chrome 68.0.3440,Professional                                        ,Media Publishing,Windows
225,2018-09-02 07:01:37,Indonesia,https://algorit.ma/data-science-academy/,tablet,Mobile Safari 11.0,Professional                                        ,Others ,iOS
226,2018-09-03 07:01:39,Indonesia,https://algorit.ma/data-science-academy/,desktop,Chrome 68.0.3440,Professional                                        ,Social Media / Online Ads,Windows
227,2018-09-03 08:05:01,Indonesia,https://algorit.ma/data-science-academy/,desktop,Chrome 68.0.3440,,Others ,Windows
228,2018-09-03 12:38:27,Indonesia,https://algorit.ma/data-science-academy/,tablet,Firefox iOS 8.2,Professional                                        ,Search Engine,iOS
229,2018-09-05 07:55:40,Indonesia,https://algorit.ma/data-science-academy/,desktop,Chrome 67.0.3396,Student                                        ,Friends / Family ,Mac
230,2018-09-06 02:11:39,Indonesia,https://algorit.ma/data-science-academy/,desktop,Firefox 48.0,Professional                                        ,Email,Windows
231,2018-09-07 02:39:05,Indonesia,https://algorit.ma/data-science-academy/,desktop,Chrome 68.0.3440,Student                                        ,Search Engine,Windows
232,2018-09-07 07:46:14,Indonesia,https://algorit.ma/data-science-academy/,desktop,Firefox 61.0,Student                                        ,Social Media / Online Ads,Windows
233,2018-09-07 10:34:42,Indonesia,https://algorit.ma/data-science-academy/,desktop,Chrome 69.0.3497,Student                                        ,Social Media / Online Ads,Windows
234,2018-09-07 13:38:49,Indonesia,https://algorit.ma/data-science-academy/,phone,Chrome Mobile 68.0.3440,Student                                        ,Friends / Family ,Android
235,2018-09-10 01:53:26,Indonesia,https://algorit.ma/data-science-academy/,desktop,Chrome 68.0.3440,Professional                                        ,Search Engine,Windows
236,2018-09-10 16:20:09,Indonesia,https://algorit.ma/data-science-academy/,desktop,Chrome 68.0.3440,Student                                        ,Search Engine,Windows
237,2018-09-10 23:52:20,Indonesia,https://algorit.ma/data-science-academy/,desktop,Chrome 69.0.3497,Student                                        ,Search Engine,Linux
238,2018-09-12 16:39:31,Indonesia,https://algorit.ma/data-science-academy/,phone,Chrome Mobile 68.0.3440,Professional                                        ,Search Engine,Android
239,2018-09-13 06:18:56,Indonesia,https://algorit.ma/data-science-academy/,desktop,Firefox 62.0,Professional                                        ,Search Engine,Windows
240,2018-09-14 15:14:59,Indonesia,https://algorit.ma/data-science-academy/,desktop,Chrome 69.0.3497,Professional                                        ,Media Publishing,Linux
241,2018-09-17 10:27:49,Indonesia,https://algorit.ma/data-science-academy/,desktop,Chrome 68.0.3440,Professional                                        ,Social Media / Online Ads,Mac
