,User,Date Submitted,Country,Source URL,Device,Browser,OS,How did you hear about us?,Medium,OSGroup
0,00000000,2018-01-05 01:35:47,Indonesia,https://algorit.ma/,desktop,Firefox 57.0,Windows 8.1,Friends / Family -                                                     ,Friends / Family ,Windows
1,00000000,2018-01-05 04:25:43,Indonesia,https://algorit.ma/,desktop,Safari 11.0.1,Mac OS X 10.13.1,Media Publishing,Media Publishing,Mac
2,00000000,2018-01-05 16:36:25,Indonesia,https://algorit.ma/,desktop,Chrome 63.0.3239,Windows 10,Friends / Family -                                                     ,Friends / Family ,Windows
3,00000000,2018-01-06 16:40:16,Indonesia,https://algorit.ma/,desktop,Chrome 62.0.3202,Windows 10,Media Publishing,Media Publishing,Windows
4,00000000,2018-01-08 03:45:42,Indonesia,https://algorit.ma/,desktop,Chrome 63.0.3239,Windows 10,Search Engine,Search Engine,Windows
5,00000000,2018-01-09 10:58:08,India,https://algorit.ma/,desktop,Chrome 63.0.3239,Windows 10,Email,Email,Windows
6,00000000,2018-01-09 11:05:51,India,https://algorit.ma/,desktop,Chrome 63.0.3239,Windows 7,Others - ha ha                                                     ,Others ,Windows
7,00000000,2018-01-09 11:12:03,Indonesia,https://algorit.ma/,desktop,Firefox 57.0,Windows 10,Friends / Family -                                                     ,Friends / Family ,Windows
8,00000000,2018-01-09 11:46:05,India,https://algorit.ma/,desktop,Chrome 63.0.3239,Windows 7,Social Media / Online Ads,Social Media / Online Ads,Windows
9,00000000,2018-01-10 02:28:54,Indonesia,https://algorit.ma/,desktop,Firefox 33.0,Windows 8.1,Search Engine,Search Engine,Windows
10,00000000,2018-01-10 05:55:50,Indonesia,https://algorit.ma/,tablet,Firefox Mobile 57.0,Android 7.0,Friends / Family -                                                     ,Friends / Family ,Android
11,00000000,2018-01-10 06:21:17,Indonesia,https://algorit.ma/,desktop,Chrome 63.0.3239,Mac OS X 10.12.6,Friends / Family -                                                     ,Friends / Family ,Mac
12,00000000,2018-01-10 09:41:41,Indonesia,https://algorit.ma/,desktop,Chrome 63.0.3239,Mac OS X 10.13.1,Search Engine,Search Engine,Mac
13,00000000,2018-01-10 15:52:28,Indonesia,https://algorit.ma/,desktop,Firefox 57.0,Windows 10,Friends / Family -                                                     ,Friends / Family ,Windows
14,00000000,2018-01-11 06:28:11,Indonesia,https://algorit.ma/,desktop,Chrome 63.0.3239,Windows 10,Social Media / Online Ads,Social Media / Online Ads,Windows
15,00000000,2018-01-11 07:55:39,Indonesia,https://algorit.ma/,desktop,Chrome 63.0.3239,Windows 10,Others - tech in asia                                                    ,Others ,Windows
16,00000000,2018-01-11 09:00:47,Indonesia,https://algorit.ma/,desktop,Chrome 63.0.3239,Windows 10,Others - Tech in Asia                                                    ,Others ,Windows
17,00000000,2018-01-12 08:51:37,Indonesia,https://algorit.ma/,phone,Chrome Mobile 56.0.2924,Android 7.1.1,Others -                                                     ,Others ,Android
18,00000000,2018-01-12 15:32:26,Indonesia,https://algorit.ma/,desktop,Chrome 63.0.3239,Windows 10,Social Media / Online Ads,Social Media / Online Ads,Windows
19,00000000,2018-01-15 07:57:36,Indonesia,https://algorit.ma/,desktop,Chrome 63.0.3239,Windows 10,Search Engine,Search Engine,Windows
20,00000000,2018-01-16 03:03:03,Indonesia,https://algorit.ma/,desktop,Chrome 63.0.3239,Windows 10,Search Engine,Search Engine,Windows
21,00000000,2018-01-16 14:17:57,Indonesia,https://algorit.ma/,desktop,Opera 50.0.2762,Windows 7,Search Engine,Search Engine,Windows
22,00000000,2018-01-17 07:01:53,Indonesia,https://algorit.ma/,desktop,Chrome 63.0.3239,Windows 8.1,Search Engine,Search Engine,Windows
23,00000000,2018-01-17 09:05:57,Indonesia,https://algorit.ma/,desktop,Chrome 49.0.2623,Windows XP,Social Media / Online Ads,Social Media / Online Ads,Windows
24,00000000,2018-01-17 18:42:27,Indonesia,https://algorit.ma/,phone,Chrome Mobile 63.0.3239,Android 7.0,Search Engine,Search Engine,Android
25,00000000,2018-01-18 09:09:23,Indonesia,https://algorit.ma/,desktop,Chrome 63.0.3239,Windows 7,Media Publishing,Media Publishing,Windows
26,00000000,2018-01-19 11:18:50,Indonesia,https://algorit.ma/,desktop,Chrome 63.0.3239,Windows 10,Media Publishing,Media Publishing,Windows
27,00000000,2018-01-20 01:42:34,Indonesia,https://algorit.ma/,desktop,Opera 50.0.2762,Windows 7,Search Engine,Search Engine,Windows
28,00000000,2018-01-20 08:45:10,Indonesia,https://algorit.ma/,desktop,Chrome 63.0.3239,Windows 10,"Others - Machine Learning Workshop
",Others ,Windows
29,00000000,2018-01-21 09:40:30,Indonesia,https://algorit.ma/,desktop,Chrome 63.0.3239,Windows 10,Search Engine,Search Engine,Windows
30,00000000,2018-01-23 11:02:12,Indonesia,https://algorit.ma/,desktop,Firefox 57.0,Windows 7,Search Engine,Search Engine,Windows
31,00000000,2018-01-24 02:10:47,Indonesia,https://algorit.ma/,desktop,Chrome 63.0.3239,Windows 8.1,Friends / Family - The Body Shop,Friends / Family ,Windows
32,00000000,2018-01-24 09:47:50,Indonesia,https://algorit.ma/,phone,Chrome Mobile 63.0.3239,Android 6.0.1,Media Publishing,Media Publishing,Android
33,00000000,2018-01-24 23:49:14,Indonesia,https://algorit.ma/,desktop,Chrome 63.0.3239,Windows 8.1,Media Publishing,Media Publishing,Windows
34,00000000,2018-01-25 03:44:07,Indonesia,https://algorit.ma/,desktop,Chrome 63.0.3239,Windows 10,Media Publishing,Media Publishing,Windows
35,00000000,2018-01-25 03:59:37,Indonesia,https://algorit.ma/,desktop,Chrome 53.0.2785,Windows 7,Media Publishing,Media Publishing,Windows
36,00000000,2018-01-25 04:02:22,Indonesia,https://algorit.ma/,desktop,Firefox 58.0,Windows 10,Others - IDX Channel,Others ,Windows
37,00000000,2018-01-25 14:18:38,Indonesia,https://algorit.ma/,desktop,Chrome 64.0.3282,Windows 7,Search Engine,Search Engine,Windows
38,00000000,2018-01-25 16:13:34,Indonesia,https://algorit.ma/,desktop,Chrome 63.0.3239,Windows 7,Search Engine,Search Engine,Windows
39,00000000,2018-01-26 02:53:59,Indonesia,https://algorit.ma/,desktop,Firefox 52.0,Windows XP,Others - RFI,Others ,Windows
40,00000000,2018-01-27 12:14:00,Indonesia,https://algorit.ma/,desktop,Edge 16.16299,Windows 10,Friends / Family - Pak Andy,Friends / Family ,Windows
41,00000000,2018-01-27 18:38:40,Indonesia,https://algorit.ma/,tablet,Chrome 63.0.3239,Android 4.4.2,Social Media / Online Ads,Social Media / Online Ads,Android
42,00000000,2018-01-29 03:59:15,Indonesia,https://algorit.ma/,desktop,Firefox 57.0,Windows 10,Social Media / Online Ads,Social Media / Online Ads,Windows
43,00000000,2018-01-29 09:06:21,Singapore,https://algorit.ma/,desktop,Chrome 63.0.3239,Windows 10,Media Publishing,Media Publishing,Windows
44,00000000,2018-01-29 16:06:08,Indonesia,https://algorit.ma/,phone,Chrome Mobile 63.0.3239,Android 7.0,Friends / Family - After interview for IDX Channel,Friends / Family ,Android
45,00000000,2018-02-01 07:16:36,Indonesia,https://algorit.ma/,desktop,Chrome 60.0.3112,Windows 7,Media Publishing,Media Publishing,Windows
46,00000000,2018-02-02 06:00:26,Indonesia,https://algorit.ma/,desktop,Chrome 63.0.3239,Windows 10,Social Media / Online Ads,Social Media / Online Ads,Windows
47,00000000,2018-02-02 07:32:25,Indonesia,https://algorit.ma/,desktop,Firefox 58.0,Windows 10,Search Engine,Search Engine,Windows
48,00000000,2018-02-03 08:52:02,Indonesia,https://algorit.ma/,desktop,Chrome 63.0.3239,Windows 7,Media Publishing,Media Publishing,Windows
49,00000000,2018-02-04 14:41:01,Indonesia,https://algorit.ma/,tablet,Mobile Safari 11.0,iOS 11.2.2,Social Media / Online Ads,Social Media / Online Ads,iOS
50,00000000,2018-02-05 12:21:44,Indonesia,https://algorit.ma/,phone,Chrome Mobile 64.0.3282,Android 6.0,Media Publishing,Media Publishing,Android
51,00000000,2018-02-06 14:52:55,Indonesia,https://algorit.ma/,desktop,Chrome 64.0.3282,Windows 10,Search Engine,Search Engine,Windows
52,00000000,2018-02-07 04:22:42,Indonesia,https://algorit.ma/,desktop,Opera 50.0.2762,Windows 10,Others - Australia-Indonesia Digital Forum 2018,Others ,Windows
53,00000000,2018-02-07 07:17:05,Indonesia,https://algorit.ma/,desktop,Firefox 57.0,Windows 7,Social Media / Online Ads,Social Media / Online Ads,Windows
54,00000000,2018-02-08 02:03:24,Indonesia,https://algorit.ma/,desktop,Chrome 63.0.3239,Windows 10,Social Media / Online Ads,Social Media / Online Ads,Windows
55,00000000,2018-02-08 08:25:35,Indonesia,https://algorit.ma/,desktop,Chrome 63.0.3239,Windows 10,Others - eventbrite,Others ,Windows
56,00000000,2018-02-08 08:31:52,Indonesia,https://algorit.ma/,desktop,Chrome 63.0.3239,Windows 10,Friends / Family - varyan,Friends / Family ,Windows
57,00000000,2018-02-09 03:08:13,Indonesia,https://algorit.ma/,desktop,Chrome 55.0.2883,Windows 10,Social Media / Online Ads,Social Media / Online Ads,Windows
58,00000000,2018-02-09 12:26:47,Indonesia,https://algorit.ma/,phone,Chrome Mobile 64.0.3282,Android 7.1.2,Others - From DS,Others ,Android
59,00000000,2018-02-10 11:09:46,Indonesia,https://algorit.ma/,phone,Chrome Mobile 64.0.3282,Android 7.1.1,Social Media / Online Ads,Social Media / Online Ads,Android
60,00000000,2018-02-12 03:53:23,Indonesia,https://algorit.ma/,desktop,Chrome 63.0.3239,Windows 7,Media Publishing,Media Publishing,Windows
61,00000000,2018-02-12 04:10:57,Indonesia,https://algorit.ma/?utm_source=Newsletter,desktop,Chrome 63.0.3239,Windows 7,Email,Email,Windows
62,00000000,2018-02-12 04:38:29,Indonesia,https://algorit.ma/,desktop,Chrome 63.0.3239,Windows 8.1,Social Media / Online Ads,Social Media / Online Ads,Windows
63,00000000,2018-02-12 07:13:18,Indonesia,https://algorit.ma/,desktop,Chrome 64.0.3282,Windows 10,Media Publishing,Media Publishing,Windows
64,00000000,2018-02-12 09:40:46,Indonesia,https://algorit.ma/,desktop,Chrome 64.0.3282,Windows 10,Search Engine,Search Engine,Windows
65,00000000,2018-02-12 19:15:06,Indonesia,https://algorit.ma/,desktop,Chrome 63.0.3239,Windows 7,Search Engine,Search Engine,Windows
66,00000000,2018-02-13 11:09:21,Indonesia,https://algorit.ma/,desktop,Chrome 62.0.3202,Windows 10,Search Engine,Search Engine,Windows
67,00000000,2018-02-13 17:33:43,Indonesia,https://algorit.ma/,desktop,Chrome 63.0.3239,Windows 7,Social Media / Online Ads,Social Media / Online Ads,Windows
68,00000000,2018-02-14 23:51:35,Indonesia,https://algorit.ma/,desktop,Chrome 64.0.3282,Windows 10,Search Engine,Search Engine,Windows
69,00000000,2018-02-16 06:47:38,Indonesia,https://algorit.ma/,desktop,Firefox 59.0,Windows 8.1,Search Engine,Search Engine,Windows
70,00000000,2018-02-17 08:02:17,Indonesia,https://algorit.ma/,desktop,Safari 11.0.3,Mac OS X 10.13.3,Media Publishing,Media Publishing,Mac
71,00000000,2018-02-18 04:18:07,Indonesia,https://algorit.ma/,desktop,Firefox 58.0,Windows 7,Social Media / Online Ads,Social Media / Online Ads,Windows
72,00000000,2018-02-19 03:57:20,Indonesia,https://algorit.ma/,desktop,Chrome 64.0.3282,Windows 7,Email,Email,Windows
73,00000000,2018-02-19 04:15:27,Indonesia,https://algorit.ma/,desktop,Chrome 64.0.3282,Windows 7,Search Engine,Search Engine,Windows
74,00000000,2018-02-19 16:32:52,Indonesia,https://algorit.ma/,desktop,Firefox 56.0.4,Windows 7,Others - T-shirt,Others ,Windows
75,00000000,2018-02-19 22:22:40,Indonesia,https://algorit.ma/,desktop,Firefox 58.0,Windows 8.1,Social Media / Online Ads,Social Media / Online Ads,Windows
76,00000000,2018-02-20 06:24:49,Indonesia,https://algorit.ma/,desktop,Chrome 64.0.3282,Windows 7,Social Media / Online Ads,Social Media / Online Ads,Windows
77,00000000,2018-02-20 08:52:47,Indonesia,https://algorit.ma/,desktop,Firefox 52.0,Windows 10,Social Media / Online Ads,Social Media / Online Ads,Windows
78,00000000,2018-02-20 15:01:33,Indonesia,https://algorit.ma/,desktop,Chrome 64.0.3282,Windows 10,Media Publishing,Media Publishing,Windows
79,00000000,2018-02-21 07:13:01,Indonesia,https://algorit.ma/,desktop,Firefox 58.0,Ubuntu,Search Engine,Search Engine,Linux
80,00000000,2018-02-21 08:35:09,Indonesia,https://algorit.ma/,desktop,Chrome 64.0.3282,Windows 10,Search Engine,Search Engine,Windows
81,00000000,2018-02-21 09:16:14,Indonesia,https://algorit.ma/,desktop,Firefox 57.0,Windows 8.1,Search Engine,Search Engine,Windows
82,00000000,2018-02-22 04:23:35,Indonesia,https://algorit.ma/,desktop,Chrome 63.0.3239,Windows 7,Friends / Family - algorit.ma,Friends / Family ,Windows
83,00000000,2018-02-23 01:14:42,Indonesia,https://algorit.ma/,desktop,Safari 11.0.3,Mac OS X 10.13.3,Others - eventbrite,Others ,Mac
84,00000000,2018-02-23 06:35:26,Indonesia,https://algorit.ma/,desktop,Chrome 64.0.3282,Linux,Social Media / Online Ads,Social Media / Online Ads,Linux
85,00000000,2018-02-23 07:25:53,Indonesia,https://algorit.ma/,desktop,Chrome 64.0.3282,Windows 7,Media Publishing,Media Publishing,Windows
86,00000000,2018-02-25 00:55:55,Indonesia,https://algorit.ma/,desktop,Chrome 63.0.3239,Windows 7,Social Media / Online Ads,Social Media / Online Ads,Windows
87,00000000,2018-02-26 04:30:05,Indonesia,https://algorit.ma/,desktop,Chrome 62.0.3202,Linux,Search Engine,Search Engine,Linux
88,00000000,2018-02-27 01:19:46,Indonesia,https://algorit.ma/,desktop,Edge 16.16299,Windows 10,Others - workshop,Others ,Windows
89,00000000,2018-02-27 02:13:43,Indonesia,https://algorit.ma/,desktop,Chrome 63.0.3239,Windows 7,Others - koinworks,Others ,Windows
90,00000000,2018-02-27 02:58:51,Indonesia,https://algorit.ma/,desktop,Firefox 58.0,Windows 7,Others - IDEA,Others ,Windows
91,00000000,2018-02-27 03:12:59,Indonesia,https://algorit.ma/,desktop,Chrome 64.0.3282,Windows 10,Social Media / Online Ads,Social Media / Online Ads,Windows
92,00000000,2018-02-28 10:41:26,Indonesia,https://algorit.ma/,desktop,Chrome 63.0.3239,Windows 7,Social Media / Online Ads,Social Media / Online Ads,Windows
93,00000000,2018-02-28 13:46:05,Indonesia,https://algorit.ma/,desktop,Chrome 64.0.3282,Windows 10,Social Media / Online Ads,Social Media / Online Ads,Windows
94,00000000,2018-03-02 10:09:52,Australia,https://algorit.ma/,desktop,Firefox 58.0,Windows 10,Social Media / Online Ads,Social Media / Online Ads,Windows
95,00000000,2018-03-05 10:18:52,Indonesia,https://algorit.ma/,desktop,Chrome 64.0.3282,Mac OS X 10.11.5,Media Publishing,Media Publishing,Mac
96,00000000,2018-03-05 15:13:15,Indonesia,https://algorit.ma/,desktop,Firefox 58.0,Windows 10,Media Publishing,Media Publishing,Windows
97,00000000,2018-03-06 06:21:18,Indonesia,https://algorit.ma/,desktop,Chrome 64.0.3282,Windows 10,Social Media / Online Ads,Social Media / Online Ads,Windows
98,00000000,2018-03-06 19:00:39,Indonesia,https://algorit.ma/,desktop,Chrome 64.0.3282,Windows 8.1,Social Media / Online Ads,Social Media / Online Ads,Windows
99,00000000,2018-03-06 19:00:47,Indonesia,https://algorit.ma/,desktop,Chrome 64.0.3282,Mac OS X 10.13.1,Social Media / Online Ads,Social Media / Online Ads,Mac
100,00000000,2018-03-06 19:00:48,Indonesia,https://algorit.ma/,desktop,Chrome 64.0.3282,Windows 7,Media Publishing,Media Publishing,Windows
101,00000000,2018-03-07 19:53:12,Indonesia,https://algorit.ma/,desktop,Firefox 58.0,Windows 10,Search Engine,Search Engine,Windows
102,00000000,2018-03-09 08:37:35,Indonesia,https://algorit.ma/,desktop,Chrome 64.0.3282,Mac OS X 10.13.3,"Friends / Family - A friend suggested to check out algoritma, which I am doing now.",Friends / Family ,Mac
103,00000000,2018-03-12 20:13:14,Indonesia,https://algorit.ma/,desktop,Chrome 64.0.3282,Windows 10,Others - Went to seminar from Iykra at Block 71,Others ,Windows
104,00000000,2018-03-13 18:26:08,Indonesia,https://algorit.ma/,desktop,Firefox 56.0,Windows 10,Others - Purwadhika techwave,Others ,Windows
105,00000000,2018-03-15 07:35:31,Indonesia,https://algorit.ma/?user_ref=www.kalibrr.id_organic_job-board__1,desktop,Firefox 58.0,Windows 10,Social Media / Online Ads,Social Media / Online Ads,Windows
106,00000000,2018-03-15 12:43:36,Indonesia,https://algorit.ma/?user_ref=www.kalibrr.com_organic_candidate__saved-jobs,desktop,Chrome 64.0.3282,Windows 8.1,Social Media / Online Ads,Social Media / Online Ads,Windows
107,00000000,2018-03-17 10:18:37,Indonesia,https://algorit.ma/,phone,Chrome Mobile 65.0.3325,Android 7.1.1,Social Media / Online Ads,Social Media / Online Ads,Android
108,00000000,2018-03-18 05:56:50,Indonesia,https://algorit.ma/,desktop,Safari 11.0.3,Mac OS X 10.12.6,Search Engine,Search Engine,Mac
109,00000000,2018-03-18 13:57:18,Indonesia,https://algorit.ma/,desktop,Chrome 65.0.3325,Mac OS X 10.13.3,Search Engine,Search Engine,Mac
110,00000000,2018-03-19 14:48:52,Indonesia,https://algorit.ma/,desktop,Chrome 64.0.3282,Windows 7,Search Engine,Search Engine,Windows
111,00000000,2018-03-20 10:40:28,Indonesia,https://algorit.ma/,desktop,Chrome 64.0.3282,Windows 10,Search Engine,Search Engine,Windows
112,00000000,2018-03-20 11:23:00,Indonesia,https://algorit.ma/,desktop,Chrome 64.0.3282,Windows 10,Others - Binus University,Others ,Windows
113,00000000,2018-03-20 11:49:27,Indonesia,https://algorit.ma/,desktop,Firefox 58.0,Windows 7,Media Publishing,Media Publishing,Windows
114,00000000,2018-03-22 02:28:08,Indonesia,https://algorit.ma/?inf_contact_key=13a1300ae9d3f2bbece7d2e22fbc73582a9304a4752c602625a45bd2679c433e,desktop,Opera 51.0.2830,Windows 7,Email,Email,Windows
115,00000000,2018-03-22 02:38:24,Indonesia,https://algorit.ma/,desktop,Chrome 64.0.3282,Windows 10,Email,Email,Windows
116,00000000,2018-03-22 12:50:59,Indonesia,https://algorit.ma/,desktop,Chrome 65.0.3325,Windows 10,Email,Email,Windows
117,00000000,2018-03-23 01:45:25,Indonesia,https://algorit.ma/,desktop,Firefox 59.0,Windows 7,Others - Telegroup Data Science,Others ,Windows
118,00000000,2018-03-23 11:42:59,Indonesia,https://algorit.ma/,desktop,Chrome 65.0.3325,Mac OS X 10.13.3,Social Media / Online Ads,Social Media / Online Ads,Mac
119,00000000,2018-03-23 13:37:28,Indonesia,https://algorit.ma/,desktop,Opera 51.0.2830,Windows 10,Social Media / Online Ads,Social Media / Online Ads,Windows
120,00000000,2018-03-24 02:30:17,Indonesia,https://algorit.ma/,desktop,Chrome 65.0.3325,Windows 7,Media Publishing,Media Publishing,Windows
121,00000000,2018-03-24 05:55:48,Indonesia,https://algorit.ma/,desktop,Edge 16.16299,Windows 10,Social Media / Online Ads,Social Media / Online Ads,Windows
122,00000000,2018-03-25 09:05:40,India,https://algorit.ma/,desktop,Chrome 65.0.3325,Windows 10,Media Publishing,Media Publishing,Windows
123,00000000,2018-03-25 16:49:47,Indonesia,https://algorit.ma/,desktop,Chrome 65.0.3325,Windows 10,Social Media / Online Ads,Social Media / Online Ads,Windows
124,00000000,2018-03-26 14:48:50,Indonesia,https://algorit.ma/,desktop,Chrome 65.0.3325,Windows 10,Social Media / Online Ads,Social Media / Online Ads,Windows
125,00000000,2018-03-27 05:35:28,Indonesia,https://algorit.ma/,desktop,Chrome 63.0.3239,Windows 10,Media Publishing,Media Publishing,Windows
126,00000000,2018-03-27 05:56:05,Indonesia,https://algorit.ma/,desktop,Firefox 59.0,Ubuntu,Others - gojek,Others ,Linux
127,00000000,2018-03-28 06:05:55,Indonesia,https://algorit.ma/,desktop,Chrome 65.0.3325,Windows 8.1,Media Publishing,Media Publishing,Windows
128,00000000,2018-03-28 11:07:28,Indonesia,https://algorit.ma/,phone,Mobile Safari 11.0,iOS 11.2.6,Email,Email,iOS
129,00000000,2018-03-29 10:32:27,Indonesia,https://algorit.ma/,desktop,Chrome 64.0.3282,Windows 10,Social Media / Online Ads,Social Media / Online Ads,Windows
130,00000000,2018-03-30 00:25:52,Indonesia,https://algorit.ma/,desktop,Chrome 65.0.3325,Windows 10,Media Publishing,Media Publishing,Windows
131,00000000,2018-04-03 10:25:58,Indonesia,https://algorit.ma/,desktop,Chrome 65.0.3325,Windows 8.1,Search Engine,Search Engine,Windows
132,00000000,2018-04-04 10:15:59,Indonesia,https://algorit.ma/,desktop,Firefox 59.0,Ubuntu,Media Publishing,Media Publishing,Linux
133,00000000,2018-04-04 16:19:05,Indonesia,https://algorit.ma/,desktop,Firefox 59.0,Ubuntu,Others - hacktiv8,Others ,Linux
134,00000000,2018-04-05 01:21:32,Indonesia,https://algorit.ma/,phone,Chrome Mobile 65.0.3325,Android 7.0,Media Publishing,Media Publishing,Android
135,00000000,2018-04-05 03:22:51,Indonesia,https://algorit.ma/,desktop,Chrome 65.0.3325,Windows 10,Search Engine,Search Engine,Windows
136,00000000,2018-04-05 08:31:34,Indonesia,https://algorit.ma/,desktop,Chrome 65.0.3325,Windows 10,Media Publishing,Media Publishing,Windows
137,00000000,2018-04-06 01:57:02,Indonesia,https://algorit.ma/,desktop,Chrome 65.0.3325,Mac OS X 10.10.5,Media Publishing,Media Publishing,Mac
138,00000000,2018-04-09 02:19:01,Indonesia,https://algorit.ma/,desktop,Chrome 58.0.3029,Windows 7,Media Publishing,Media Publishing,Windows
139,00000000,2018-04-10 03:31:53,Indonesia,https://algorit.ma/?inf_contact_key=ba00b41a9f59b020c0f53757b5384dcef91869197c21074e800d9aa44cfb264b,desktop,Chrome 65.0.3325,Windows 7,Email,Email,Windows
140,00000000,2018-04-10 04:36:25,Indonesia,https://algorit.ma/,desktop,Chrome 31.0.1650,Windows 7,Search Engine,Search Engine,Windows
141,00000000,2018-04-11 02:00:09,Indonesia,https://algorit.ma/,desktop,Chrome 65.0.3325,Windows 7,Media Publishing,Media Publishing,Windows
142,00000000,2018-04-11 04:38:05,Indonesia,https://algorit.ma/,desktop,Firefox 56.0,Windows 10,Search Engine,Search Engine,Windows
143,00000000,2018-04-11 06:40:37,Indonesia,https://algorit.ma/,desktop,Chrome 65.0.3325,Windows 10,Media Publishing,Media Publishing,Windows
144,00000000,2018-04-12 06:08:33,Indonesia,https://algorit.ma/,desktop,Chrome 65.0.3325,Windows 10,Search Engine,Search Engine,Windows
145,00000000,2018-04-12 06:11:27,Indonesia,https://algorit.ma/,desktop,Edge 16.16299,Windows 10,Social Media / Online Ads,Social Media / Online Ads,Windows
146,00000000,2018-04-12 07:06:33,Indonesia,https://algorit.ma/,desktop,Firefox 50.0,Windows 10,Social Media / Online Ads,Social Media / Online Ads,Windows
147,00000000,2018-04-12 08:31:49,Indonesia,https://algorit.ma/,desktop,Chrome 65.0.3325,Windows 10,Search Engine,Search Engine,Windows
148,00000000,2018-04-13 02:06:23,Malaysia,https://algorit.ma/,desktop,Chrome 44.0.2403,Chrome OS 7077.134.0,Friends / Family - azera,Friends / Family ,Linux
149,00000000,2018-04-13 07:05:48,Indonesia,https://algorit.ma/,desktop,Chrome 55.0.2883,Windows 10,Search Engine,Search Engine,Windows
150,00000000,2018-04-13 15:10:08,Indonesia,https://algorit.ma/,desktop,Chrome 65.0.3325,Windows 10,Social Media / Online Ads,Social Media / Online Ads,Windows
151,00000000,2018-04-15 09:42:38,India,https://algorit.ma/,desktop,Chrome 65.0.3325,Windows 10,Search Engine,Search Engine,Windows
152,00000000,2018-04-17 00:52:56,Indonesia,https://algorit.ma/,desktop,Opera 52.0.2871,Windows 7,Media Publishing,Media Publishing,Windows
153,00000000,2018-04-17 04:06:19,Indonesia,https://algorit.ma/,desktop,Chrome 65.0.3325,Mac OS X 10.12.6,Media Publishing,Media Publishing,Mac
154,00000000,2018-04-17 07:05:10,Indonesia,https://algorit.ma/,desktop,Chrome 65.0.3325,Windows 7,Email,Email,Windows
155,00000000,2018-04-18 12:59:21,Indonesia,https://algorit.ma/,desktop,Chrome 65.0.3325,Windows 10,Friends / Family - from a friend,Friends / Family ,Windows
156,90ff7191,2018-04-20 03:24:37,Indonesia,https://algorit.ma/,desktop,Chrome 66.0.3359,Windows 7,Email,Email,Windows
157,3dc09927,2018-04-23 07:44:14,Indonesia,https://algorit.ma/,desktop,Chrome 65.0.3325,Windows 10,Others - Gojek,Others ,Windows
158,a86010b3,2018-04-23 16:48:55,Indonesia,https://algorit.ma/,desktop,Chrome 66.0.3359,Windows 10,Social Media / Online Ads,Social Media / Online Ads,Windows
159,82d6541a,2018-04-24 03:27:30,Indonesia,https://algorit.ma/,desktop,Firefox 58.0,Windows 10,Others - GOJEK,Others ,Windows
160,c3fc6a1b,2018-04-24 06:43:27,Indonesia,https://algorit.ma/,desktop,Chrome 65.0.3325,Windows 10,Social Media / Online Ads,Social Media / Online Ads,Windows
161,6dd56492,2018-04-25 00:52:57,Indonesia,https://algorit.ma/,desktop,Chrome 65.0.3325,Windows 10,Media Publishing,Media Publishing,Windows
162,2463c83b,2018-04-25 13:54:31,Indonesia,https://algorit.ma/,phone,Chrome Mobile 64.0.3282,Android 4.4.4,Social Media / Online Ads,Social Media / Online Ads,Android
163,b94f79e8,2018-04-28 06:05:45,Indonesia,https://algorit.ma/,tablet,Chrome 65.0.3325,Android 7.0,Others - Gojek,Others ,Android
164,2f906f70,2018-04-30 12:10:29,Indonesia,https://algorit.ma/,desktop,Opera 52.0.2871,Windows 7,Social Media / Online Ads,Social Media / Online Ads,Windows
165,7d7a2de4,2018-05-02 01:27:28,Indonesia,https://algorit.ma/,desktop,Chrome 66.0.3359,Windows 10,Search Engine,Search Engine,Windows
166,6b8df514,2018-05-02 08:00:36,Indonesia,https://algorit.ma/,desktop,Chrome 66.0.3359,Windows 7,Search Engine,Search Engine,Windows
167,5970e0bd,2018-05-02 08:15:26,Indonesia,https://algorit.ma/,desktop,Chrome 66.0.3359,Mac OS X 10.10.5,Search Engine,Search Engine,Mac
168,00000000,2018-05-03 07:36:04,Indonesia,https://algorit.ma/,desktop,Chrome 66.0.3359,Windows 10,Social Media / Online Ads,Social Media / Online Ads,Windows
169,00000000,2018-05-03 11:07:25,Indonesia,https://algorit.ma/,desktop,Chrome 66.0.3359,Windows 10,Media Publishing,Media Publishing,Windows
170,00000000,2018-05-04 04:36:37,Indonesia,https://algorit.ma/,desktop,Chrome 66.0.3359,Windows 10,Social Media / Online Ads,Social Media / Online Ads,Windows
171,00000000,2018-05-04 11:40:07,Indonesia,https://algorit.ma/,desktop,Chrome 66.0.3359,Mac OS X 10.13.3,Search Engine,Search Engine,Mac
172,00000000,2018-05-04 18:48:24,Indonesia,https://algorit.ma/,desktop,Firefox 60.0,Windows 10,Social Media / Online Ads,Social Media / Online Ads,Windows
173,00000000,2018-05-05 11:34:19,Indonesia,https://algorit.ma/,desktop,Chrome 66.0.3359,Windows 10,Others - talkshow internship,Others ,Windows
174,00000000,2018-05-06 18:31:00,Indonesia,https://algorit.ma/,desktop,Chrome 66.0.3359,Windows 7,Media Publishing,Media Publishing,Windows
175,00000000,2018-05-06 23:24:50,Indonesia,https://algorit.ma/,desktop,Firefox 59.0,Windows 10,Media Publishing,Media Publishing,Windows
176,00000000,2018-05-07 06:10:33,Singapore,https://algorit.ma/,desktop,Chrome 59.0.3071,Windows 10,Search Engine,Search Engine,Windows
177,00000000,2018-05-07 22:45:45,Indonesia,https://algorit.ma/,desktop,Chrome 66.0.3359,Windows 7,Search Engine,Search Engine,Windows
178,00000000,2018-05-08 13:35:51,Indonesia,https://algorit.ma/,desktop,Chrome 66.0.3359,Windows 8.1,Search Engine,Search Engine,Windows
179,00000000,2018-05-09 02:14:27,Indonesia,https://algorit.ma/,desktop,Chrome 64.0.3282,Windows 10,Media Publishing,Media Publishing,Windows
180,00000000,2018-05-09 04:02:58,Indonesia,https://algorit.ma/,desktop,Chrome 66.0.3359,Windows 8.1,Search Engine,Search Engine,Windows
181,00000000,2018-05-09 04:35:07,Indonesia,https://algorit.ma/,desktop,Edge 16.16299,Windows 10,Search Engine,Search Engine,Windows
182,00000000,2018-05-10 10:45:48,Indonesia,https://algorit.ma/,desktop,Chrome 66.0.3359,Windows 10,Search Engine,Search Engine,Windows
183,00000000,2018-05-12 15:23:37,Indonesia,https://algorit.ma/,desktop,Chrome 48.0.2540,Windows 7,Search Engine,Search Engine,Windows
184,00000000,2018-05-14 19:00:22,Indonesia,https://algorit.ma/,desktop,Chrome 66.0.3359,Windows 7,Search Engine,Search Engine,Windows
185,00000000,2018-05-15 01:52:32,Indonesia,https://algorit.ma/,desktop,Chrome 66.0.3359,Windows 10,Search Engine,Search Engine,Windows
186,00000000,2018-05-15 10:41:02,Indonesia,https://algorit.ma/,desktop,Chrome 66.0.3359,Windows 7,Social Media / Online Ads,Social Media / Online Ads,Windows
187,00000000,2018-05-16 03:46:52,Indonesia,https://algorit.ma/,desktop,Firefox 59.0,Windows 7,Social Media / Online Ads,Social Media / Online Ads,Windows
188,00000000,2018-05-16 08:26:33,Indonesia,https://algorit.ma/,desktop,Chrome 66.0.3359,Windows 10,Social Media / Online Ads,Social Media / Online Ads,Windows
189,00000000,2018-05-16 13:53:50,Indonesia,https://algorit.ma/,desktop,Chrome 66.0.3359,Windows 10,Search Engine,Search Engine,Windows
190,00000000,2018-05-17 03:04:53,Indonesia,https://algorit.ma/,desktop,Chrome 66.0.3359,Windows 10,Media Publishing,Media Publishing,Windows
191,00000000,2018-05-17 03:53:48,Indonesia,https://algorit.ma/,desktop,Chrome 66.0.3359,Windows 7,Social Media / Online Ads,Social Media / Online Ads,Windows
192,00000000,2018-05-17 05:33:59,Indonesia,https://algorit.ma/,desktop,Chrome 66.0.3359,Windows 7,Media Publishing,Media Publishing,Windows
193,00000000,2018-05-18 08:47:00,Indonesia,https://algorit.ma/,desktop,Chrome 66.0.3359,Windows 10,Social Media / Online Ads,Social Media / Online Ads,Windows
194,00000000,2018-05-19 15:58:11,Indonesia,https://algorit.ma/,desktop,Firefox 60.0,Windows 7,Social Media / Online Ads,Social Media / Online Ads,Windows
195,00000000,2018-05-20 10:43:10,Indonesia,https://algorit.ma/,desktop,Firefox 58.0,Ubuntu,Search Engine,Search Engine,Linux
196,00000000,2018-05-20 13:06:43,Indonesia,https://algorit.ma/,desktop,Chrome 64.0.3282,Windows 7,Search Engine,Search Engine,Windows
197,00000000,2018-05-21 04:13:31,,https://algorit.ma/,desktop,Chrome 66.0.3359,Windows 7,Search Engine,Search Engine,Windows
198,00000000,2018-05-21 04:37:57,Indonesia,https://algorit.ma/,desktop,Chrome 66.0.3359,Windows 10,Search Engine,Search Engine,Windows
199,00000000,2018-05-21 04:43:47,Indonesia,https://algorit.ma/,desktop,Chrome 66.0.3359,Windows 8.1,Social Media / Online Ads,Social Media / Online Ads,Windows
200,00000000,2018-05-21 09:16:44,Indonesia,https://algorit.ma/,desktop,Firefox 60.0,Ubuntu,Search Engine,Search Engine,Linux
201,00000000,2018-05-21 11:27:13,Indonesia,https://algorit.ma/,desktop,Chrome 66.0.3359,Windows 10,Search Engine,Search Engine,Windows
202,00000000,2018-05-22 01:21:08,Indonesia,https://algorit.ma/?user_ref=www.kalibrr.com_organic_job-board__1,desktop,Chrome 66.0.3359,Windows 10,Others - kalibrr.com,Others ,Windows
203,00000000,2018-05-22 05:32:14,Indonesia,https://algorit.ma/,desktop,Firefox 60.0,Windows 7,Search Engine,Search Engine,Windows
204,00000000,2018-05-22 12:16:29,Malaysia,https://algorit.ma/,desktop,Chrome 66.0.3359,Windows 7,Search Engine,Search Engine,Windows
205,00000000,2018-05-22 23:38:40,Indonesia,https://algorit.ma/,phone,Chrome Mobile 56.0.2924,Android 5.1.1,Others - go-points,Others ,Android
206,00000000,2018-05-23 10:02:35,Indonesia,https://algorit.ma/,desktop,Chrome 66.0.3359,Windows 7,Search Engine,Search Engine,Windows
207,00000000,2018-05-23 23:21:21,Indonesia,https://algorit.ma/,desktop,Edge 15.15063,Windows 10,Search Engine,Search Engine,Windows
208,00000000,2018-05-24 17:44:38,Indonesia,https://algorit.ma/,desktop,Chrome 66.0.3359,Windows 8.1,Social Media / Online Ads,Social Media / Online Ads,Windows
209,00000000,2018-05-25 06:06:12,Indonesia,https://algorit.ma/,desktop,Chrome 66.0.3359,Windows 8.1,Email,Email,Windows
210,00000000,2018-05-25 08:29:43,Indonesia,https://algorit.ma/,desktop,Chrome 66.0.3359,Windows 7,Media Publishing,Media Publishing,Windows
211,00000000,2018-05-25 13:10:53,Indonesia,https://algorit.ma/,desktop,Chrome 66.0.3359,Windows 8.1,Others - Startup Career fair post,Others ,Windows
212,00000000,2018-05-26 08:33:19,Indonesia,https://algorit.ma/,phone,Chrome Mobile 66.0.3359,Android 7.1.2,Social Media / Online Ads,Social Media / Online Ads,Android
213,00000000,2018-05-26 12:15:33,Indonesia,https://algorit.ma/,desktop,Chrome 66.0.3359,Windows 10,Search Engine,Search Engine,Windows
214,00000000,2018-05-28 02:55:43,Indonesia,https://algorit.ma/,desktop,Safari 11.1,Mac OS X 10.13.4,Social Media / Online Ads,Social Media / Online Ads,Mac
215,00000000,2018-05-28 06:48:37,Indonesia,https://algorit.ma/,desktop,Chrome 66.0.3359,Windows 8.1,Media Publishing,Media Publishing,Windows
216,00000000,2018-05-28 07:47:34,Indonesia,https://algorit.ma/,desktop,Chrome 66.0.3359,Windows 10,Media Publishing,Media Publishing,Windows
217,00000000,2018-05-28 15:58:13,Indonesia,https://algorit.ma/,desktop,Chrome 66.0.3359,Windows 10,Search Engine,Search Engine,Windows
218,00000000,2018-05-29 03:49:04,Indonesia,https://algorit.ma/,desktop,Chrome 66.0.3359,Windows 10,Search Engine,Search Engine,Windows
219,00000000,2018-05-29 14:35:03,Indonesia,https://algorit.ma/,desktop,Chrome 66.0.3359,Windows 10,Media Publishing,Media Publishing,Windows
220,00000000,2018-05-30 03:18:01,Indonesia,https://algorit.ma/,desktop,Firefox 60.0,Windows 10,Email,Email,Windows
221,00000000,2018-05-31 03:03:27,Indonesia,https://algorit.ma/,desktop,Chrome 66.0.3359,Windows 10,Others - dari orang lewat pake baju algorit.ma,Others ,Windows
222,00000000,2018-05-31 03:44:41,Indonesia,https://algorit.ma/,desktop,Firefox 60.0,Windows 7,Search Engine,Search Engine,Windows
223,00000000,2018-05-31 05:49:42,Indonesia,https://algorit.ma/,tablet,Chrome 64.0.3282,Android 7.0,Social Media / Online Ads,Social Media / Online Ads,Android
224,00000000,2018-05-31 06:43:14,Indonesia,https://algorit.ma/,desktop,Firefox 60.0,Windows 10,Social Media / Online Ads,Social Media / Online Ads,Windows
225,00000000,2018-06-03 01:31:30,Indonesia,https://algorit.ma/,desktop,Chrome 66.0.3359,Windows 8.1,Search Engine,Search Engine,Windows
226,00000000,2018-06-05 03:34:01,Indonesia,https://algorit.ma/,desktop,Chrome 66.0.3359,Windows 7,Search Engine,Search Engine,Windows
227,00000000,2018-06-05 09:37:20,Indonesia,https://algorit.ma/,desktop,Chrome 66.0.3359,Windows 10,Social Media / Online Ads,Social Media / Online Ads,Windows
228,00000000,2018-06-05 09:49:01,Indonesia,https://algorit.ma/,desktop,Firefox 37.0,Windows 7,Social Media / Online Ads,Social Media / Online Ads,Windows
229,00000000,2018-06-08 11:26:43,Indonesia,https://algorit.ma/,desktop,Chrome 67.0.3396,Mac OS X 10.13.5,Friends / Family - gf,Friends / Family ,Mac
230,00000000,2018-06-09 04:17:31,Indonesia,https://algorit.ma/,desktop,Chrome 67.0.3396,Windows 7,Media Publishing,Media Publishing,Windows
231,00000000,2018-06-10 15:46:55,Indonesia,https://algorit.ma/,desktop,Chrome 67.0.3396,Windows 7,Search Engine,Search Engine,Windows
232,00000000,2018-06-11 07:57:13,Indonesia,https://algorit.ma/,desktop,Firefox 60.0,Windows 8.1,Others - techinasia,Others ,Windows
233,00000000,2018-06-12 04:10:15,Indonesia,https://algorit.ma/,desktop,Chrome 67.0.3396,Windows 7,Social Media / Online Ads,Social Media / Online Ads,Windows
234,00000000,2018-06-13 12:37:34,Indonesia,https://algorit.ma/,desktop,Chrome 67.0.3396,Windows 10,Social Media / Online Ads,Social Media / Online Ads,Windows
235,00000000,2018-06-17 19:58:51,Indonesia,https://algorit.ma/,desktop,Chrome 67.0.3396,Windows 10,Media Publishing,Media Publishing,Windows
236,00000000,2018-06-19 05:02:48,Indonesia,https://algorit.ma/,phone,Chrome Mobile 67.0.3396,Android 7.0,Social Media / Online Ads,Social Media / Online Ads,Android
237,00000000,2018-06-20 02:52:32,Indonesia,https://algorit.ma/,desktop,Firefox 47.0,Windows 7,Search Engine,Search Engine,Windows
238,00000000,2018-06-21 06:52:00,Singapore,https://algorit.ma/,desktop,Safari 11.1.1,Mac OS X 10.13.5,"Others - unbound
",Others ,Mac
239,00000000,2018-06-22 08:55:28,Netherlands,https://algorit.ma/,desktop,Chrome 67.0.3396,Mac OS X 10.13.5,Search Engine,Search Engine,Mac
240,00000000,2018-06-22 14:40:20,Indonesia,https://algorit.ma/,phone,Mobile Safari 11.0,iOS 11.4,Friends / Family - from uncle nayoko. ,Friends / Family ,iOS
241,00000000,2018-06-23 14:11:43,Indonesia,https://algorit.ma/,desktop,Opera 53.0.2907,Windows 10,Search Engine,Search Engine,Windows
242,00000000,2018-06-23 14:44:19,Indonesia,https://algorit.ma/,phone,Chrome Mobile 56.0.2924,Android 5.1,Social Media / Online Ads,Social Media / Online Ads,Android
243,00000000,2018-06-24 12:06:51,Indonesia,https://algorit.ma/,phone,Chrome Mobile 67.0.3396,Android 7.0,Search Engine,Search Engine,Android
244,00000000,2018-06-25 03:14:14,Indonesia,https://algorit.ma/,desktop,Chrome 67.0.3396,Windows 8,Social Media / Online Ads,Social Media / Online Ads,Windows
245,00000000,2018-06-25 05:43:25,Indonesia,https://algorit.ma/,desktop,Chromium 66.0.3359,Ubuntu,Social Media / Online Ads,Social Media / Online Ads,Linux
246,00000000,2018-06-25 06:51:44,Indonesia,https://algorit.ma/,desktop,Chrome 56.0.2924,Linux,Search Engine,Search Engine,Linux
247,00000000,2018-06-26 07:32:14,Indonesia,https://algorit.ma/,desktop,Chrome 67.0.3396,Windows 10,Media Publishing,Media Publishing,Windows
248,00000000,2018-06-26 08:14:10,Indonesia,https://algorit.ma/,desktop,Chrome 66.0.3359,Windows 10,Social Media / Online Ads,Social Media / Online Ads,Windows
249,00000000,2018-06-26 18:41:30,Indonesia,https://algorit.ma/,desktop,Chrome 49.0.2623,Mac OS X 10.6.8,Social Media / Online Ads,Social Media / Online Ads,Mac
250,00000000,2018-06-26 23:09:34,Indonesia,https://algorit.ma/,desktop,Chrome 67.0.3396,Windows 10,Media Publishing,Media Publishing,Windows
251,00000000,2018-06-28 08:12:17,Indonesia,https://algorit.ma/,desktop,Firefox 61.0,Windows 7,Social Media / Online Ads,Social Media / Online Ads,Windows
252,00000000,2018-06-28 15:49:25,Indonesia,https://algorit.ma/,desktop,Chrome 67.0.3396,Windows 8,Media Publishing,Media Publishing,Windows
253,00000000,2018-06-29 07:55:20,Indonesia,https://algorit.ma/,desktop,Chrome 68.0.3440,Windows 7,Media Publishing,Media Publishing,Windows
254,00000000,2018-06-29 08:04:58,Indonesia,https://algorit.ma/,desktop,Chrome 67.0.3396,Windows 10,"Others - urbanhire
",Others ,Windows
255,00000000,2018-06-30 02:33:13,Indonesia,https://algorit.ma/,desktop,Chrome 67.0.3396,Windows 10,Social Media / Online Ads,Social Media / Online Ads,Windows
256,00000000,2018-06-30 07:30:04,Indonesia,https://algorit.ma/,desktop,Chrome 67.0.3396,Windows 10,Search Engine,Search Engine,Windows
257,00000000,2018-06-30 13:01:57,Indonesia,https://algorit.ma/,desktop,Chromium 66.0.3359,Ubuntu,Social Media / Online Ads,Social Media / Online Ads,Linux
258,00000000,2018-06-30 13:57:09,Indonesia,https://algorit.ma/?utm_source=Forum&utm_medium=sekolahkoding,desktop,Chrome 67.0.3396,Windows 8.1,Others - Web,Others ,Windows
259,00000000,2018-06-30 17:00:35,Indonesia,https://algorit.ma/,desktop,Chrome 67.0.3396,Windows 10,Others - GO-JEK,Others ,Windows
260,00000000,2018-06-30 17:30:22,Indonesia,https://algorit.ma/,desktop,Chrome 67.0.3396,Windows 10,Search Engine,Search Engine,Windows
261,00000000,2018-07-02 02:31:19,Indonesia,https://algorit.ma/,desktop,Chrome 67.0.3396,Windows 10,Media Publishing,Media Publishing,Windows
262,00000000,2018-07-02 04:24:29,United States,https://algorit.ma/,desktop,Chrome 67.0.3396,Windows 10,Others - Gojek Apps,Others ,Windows
263,00000000,2018-07-02 06:23:22,Indonesia,https://algorit.ma/,desktop,Chrome 67.0.3396,Windows 10,Media Publishing,Media Publishing,Windows
264,00000000,2018-07-02 11:26:43,Indonesia,https://algorit.ma/,desktop,Chrome 67.0.3396,Windows 10,Media Publishing,Media Publishing,Windows
265,00000000,2018-07-02 14:06:55,Indonesia,https://algorit.ma/,desktop,Chrome 67.0.3396,Windows 8.1,Others - seminar,Others ,Windows
266,00000000,2018-07-02 15:16:50,Indonesia,https://algorit.ma/,desktop,Chrome 67.0.3396,Windows 10,Media Publishing,Media Publishing,Windows
267,00000000,2018-07-03 02:11:56,Indonesia,https://algorit.ma/,desktop,Chrome 67.0.3396,Windows 10,Media Publishing,Media Publishing,Windows
268,00000000,2018-07-03 02:41:15,Indonesia,https://algorit.ma/,desktop,Chrome 67.0.3396,Windows 7,Search Engine,Search Engine,Windows
269,00000000,2018-07-03 08:09:57,Malaysia,https://algorit.ma/,desktop,Chrome 67.0.3396,Mac OS X 10.13.3,Media Publishing,Media Publishing,Mac
270,00000000,2018-07-03 10:17:15,Indonesia,https://algorit.ma/,desktop,Chrome 67.0.3396,Windows 10,Others - GOJEK ,Others ,Windows
271,00000000,2018-07-04 06:11:29,Indonesia,https://algorit.ma/?user_ref=www.kalibrr.id_organic_login,phone,Chrome Mobile 67.0.3396,Android 6.0.1,Social Media / Online Ads,Social Media / Online Ads,Android
272,00000000,2018-07-06 01:53:51,Indonesia,https://algorit.ma/,desktop,Chrome 67.0.3396,Mac OS X 10.13.0,Email,Email,Mac
273,00000000,2018-07-06 02:26:29,Indonesia,https://algorit.ma/,desktop,Chrome 67.0.3396,Windows 10,Search Engine,Search Engine,Windows
274,00000000,2018-07-06 16:31:58,Indonesia,https://algorit.ma/,desktop,Chrome 67.0.3396,Windows 10,Search Engine,Search Engine,Windows
275,00000000,2018-07-07 18:10:33,Indonesia,https://algorit.ma/,desktop,Chrome 67.0.3396,Windows 7,Social Media / Online Ads,Social Media / Online Ads,Windows
276,00000000,2018-07-08 13:39:08,Indonesia,https://algorit.ma/,desktop,Chrome 67.0.3396,Windows 10,Search Engine,Search Engine,Windows
277,00000000,2018-07-09 03:09:37,Indonesia,https://algorit.ma/,desktop,Chrome 67.0.3396,Windows 10,"Others - internet
",Others ,Windows
278,00000000,2018-07-09 12:11:42,Indonesia,https://algorit.ma/,desktop,Chrome 67.0.3396,Windows 10,Social Media / Online Ads,Social Media / Online Ads,Windows
279,00000000,2018-07-10 08:51:51,Japan,https://algorit.ma/,desktop,Chrome 67.0.3396,Windows 8.1,Search Engine,Search Engine,Windows
280,00000000,2018-07-13 06:47:29,Indonesia,https://algorit.ma/,desktop,Chrome 65.0.3325,Windows 7,Search Engine,Search Engine,Windows
281,00000000,2018-07-13 10:51:02,Indonesia,https://algorit.ma/,desktop,Chrome 67.0.3396,Windows 10,Others - youtube,Others ,Windows
282,00000000,2018-07-13 15:24:32,Indonesia,https://algorit.ma/,desktop,Chrome 67.0.3396,Windows 10,Others - seminar,Others ,Windows
283,00000000,2018-07-15 12:08:13,Indonesia,https://algorit.ma/,desktop,Chrome 67.0.3396,Mac OS X 10.12.6,Others - Youtube,Others ,Mac
284,00000000,2018-07-16 08:53:27,Indonesia,https://algorit.ma/,desktop,Chrome 67.0.3396,Windows 10,Search Engine,Search Engine,Windows
285,00000000,2018-07-17 02:49:41,Indonesia,https://algorit.ma/,desktop,Chrome 67.0.3396,Windows 7,Search Engine,Search Engine,Windows
286,00000000,2018-07-17 07:28:58,Indonesia,https://algorit.ma/?user_ref=www.kalibrr.id_organic_job-board__te__management-trainee__5,desktop,Chrome 67.0.3396,Windows 7,Social Media / Online Ads,Social Media / Online Ads,Windows
287,00000000,2018-07-17 09:20:07,Indonesia,https://algorit.ma/,desktop,Edge 15.15063,Windows 10,Others - someone tell me,Others ,Windows
288,00000000,2018-07-17 11:24:49,Indonesia,https://algorit.ma/?user_ref=recruitment.bni.co.id_organic_index.php__artikel__detail__odp,desktop,Chrome 67.0.3396,Windows 10,Search Engine,Search Engine,Windows
289,00000000,2018-07-18 05:58:01,Indonesia,https://algorit.ma/,desktop,Chrome 67.0.3396,Windows 10,Search Engine,Search Engine,Windows
290,00000000,2018-07-18 16:56:31,Indonesia,https://algorit.ma/,desktop,Chrome 67.0.3396,Windows 10,Media Publishing,Media Publishing,Windows
291,00000000,2018-07-19 14:09:23,Indonesia,https://algorit.ma/,phone,Chrome Mobile 67.0.3396,Android 7.1.2,Social Media / Online Ads,Social Media / Online Ads,Android
292,00000000,2018-07-20 02:17:45,Indonesia,https://algorit.ma/,desktop,Chrome 67.0.3396,Mac OS X 10.10.5,Search Engine,Search Engine,Mac
293,00000000,2018-07-20 03:31:51,Indonesia,https://algorit.ma/,desktop,Chrome 67.0.3396,Mac OS X 10.10.1,Social Media / Online Ads,Social Media / Online Ads,Mac
294,00000000,2018-07-21 04:01:02,Indonesia,https://algorit.ma/,desktop,Opera 54.0.2952,Windows 10,Social Media / Online Ads,Social Media / Online Ads,Windows
295,00000000,2018-07-21 17:12:28,Indonesia,https://algorit.ma/,desktop,Chrome 67.0.3396,Windows 10,Media Publishing,Media Publishing,Windows
296,00000000,2018-07-23 07:57:18,Indonesia,https://algorit.ma/,desktop,Firefox 61.0,Windows 8.1,Social Media / Online Ads,Social Media / Online Ads,Windows
297,00000000,2018-07-23 13:22:01,Indonesia,https://algorit.ma/,desktop,Chrome 67.0.3396,Windows 10,Search Engine,Search Engine,Windows
298,00000000,2018-07-24 01:09:30,Indonesia,https://algorit.ma/,desktop,Firefox 61.0,Windows 7,Others - google,Others ,Windows
299,00000000,2018-07-24 04:14:09,Indonesia,https://algorit.ma/,desktop,Chrome 67.0.3396,Mac OS X 10.13.5,Friends / Family - Sam!,Friends / Family ,Mac
300,00000000,2018-07-24 12:40:47,Indonesia,https://algorit.ma/,desktop,Chrome 67.0.3396,Windows 10,Search Engine,Search Engine,Windows
301,00000000,2018-07-25 02:22:25,Indonesia,https://algorit.ma/,desktop,Chrome 67.0.3396,Windows 7,Social Media / Online Ads,Social Media / Online Ads,Windows
302,00000000,2018-07-25 07:02:06,Indonesia,https://algorit.ma/,desktop,Firefox 61.0,Windows 7,Others - workshop,Others ,Windows
303,00000000,2018-07-26 14:08:28,Indonesia,https://algorit.ma/,desktop,Chrome 43.0.2357,Windows 7,Media Publishing,Media Publishing,Windows
304,00000000,2018-07-27 17:41:28,Malaysia,https://algorit.ma/,desktop,Chrome 67.0.3396,Windows 8.1,Friends / Family - Zoe Lee,Friends / Family ,Windows
305,00000000,2018-07-28 08:57:17,Indonesia,https://algorit.ma/,desktop,Chrome 67.0.3396,Windows 10,Social Media / Online Ads,Social Media / Online Ads,Windows
306,00000000,2018-07-29 07:58:00,Indonesia,https://algorit.ma/,desktop,Firefox 39.0,Windows 7,Search Engine,Search Engine,Windows
307,00000000,2018-07-29 13:17:22,Indonesia,https://algorit.ma/,phone,Mobile Safari 11.0,iOS 11.2.5,Media Publishing,Media Publishing,iOS
308,00000000,2018-07-29 17:23:00,Indonesia,https://algorit.ma/,desktop,Firefox 61.0,Mac OS X 10.13,Search Engine,Search Engine,Mac
309,00000000,2018-07-30 10:27:38,Indonesia,https://algorit.ma/,desktop,Opera 54.0.2952,Windows 10,Others - ADSvokat.com blog,Others ,Windows
310,00000000,2018-07-31 05:05:10,Indonesia,https://algorit.ma/,desktop,Firefox 43.0,Windows 7,Email,Email,Windows
311,00000000,2018-07-31 08:23:42,Indonesia,https://algorit.ma/,desktop,Chrome 67.0.3396,Windows 10,Search Engine,Search Engine,Windows
312,00000000,2018-08-01 02:18:46,Indonesia,https://algorit.ma/,desktop,Chrome 67.0.3396,Windows 7,Media Publishing,Media Publishing,Windows
313,00000000,2018-08-01 03:35:51,Indonesia,https://algorit.ma/,desktop,Chrome 67.0.3396,Windows 7,Social Media / Online Ads,Social Media / Online Ads,Windows
314,00000000,2018-08-01 07:29:42,Indonesia,https://algorit.ma/,desktop,Firefox 57.0,Ubuntu,Media Publishing,Media Publishing,Linux
315,00000000,2018-08-01 08:58:33,Indonesia,https://algorit.ma/,desktop,Chrome 68.0.3440,Windows 7,Social Media / Online Ads,Social Media / Online Ads,Windows
316,00000000,2018-08-04 07:18:51,Indonesia,https://algorit.ma/,desktop,Chrome 66.0.3359,Mac OS X 10.10.5,Search Engine,Search Engine,Mac
317,00000000,2018-08-04 14:37:52,Indonesia,https://algorit.ma/,desktop,Opera 54.0.2952,Windows 10,Media Publishing,Media Publishing,Windows
318,00000000,2018-08-05 10:26:03,Indonesia,https://algorit.ma/,desktop,Chrome 67.0.3396,Windows 8.1,Media Publishing,Media Publishing,Windows
319,00000000,2018-08-05 14:01:30,Indonesia,https://algorit.ma/,desktop,Chrome 65.0.3325,Windows 10,Search Engine,Search Engine,Windows
320,00000000,2018-08-06 01:24:10,Indonesia,https://algorit.ma/,desktop,Chrome 67.0.3396,Windows 10,Friends / Family - a friend who work in algoritma,Friends / Family ,Windows
321,00000000,2018-08-06 01:45:11,Indonesia,https://algorit.ma/,desktop,Chrome 67.0.3396,Windows 10,Search Engine,Search Engine,Windows
322,00000000,2018-08-07 03:16:53,Bangladesh,https://algorit.ma/,desktop,Opera 54.0.2952,Windows 10,Social Media / Online Ads,Social Media / Online Ads,Windows
323,00000000,2018-08-08 03:28:41,Indonesia,https://algorit.ma/,desktop,Chrome 68.0.3440,Windows 10,Search Engine,Search Engine,Windows
324,00000000,2018-08-09 10:08:11,Lithuania,https://algorit.ma/,desktop,Chrome 67.0.3396,Windows 10,Search Engine,Search Engine,Windows
325,00000000,2018-08-10 02:17:21,Indonesia,https://algorit.ma/,desktop,Chrome 68.0.3440,Windows 10,Social Media / Online Ads,Social Media / Online Ads,Windows
326,00000000,2018-08-11 08:39:40,Indonesia,https://algorit.ma/,desktop,Opera 54.0.2952,Windows 10,Media Publishing,Media Publishing,Windows
327,00000000,2018-08-12 01:17:43,Indonesia,https://algorit.ma/,desktop,Chrome 68.0.3440,Mac OS X 10.11.4,Social Media / Online Ads,Social Media / Online Ads,Mac
328,00000000,2018-08-13 03:28:01,Indonesia,https://algorit.ma/,desktop,Chrome 68.0.3440,Windows 10,Others - Gojek,Others ,Windows
329,00000000,2018-08-13 04:13:37,Indonesia,https://algorit.ma/,desktop,Chrome 68.0.3440,Windows 7,Search Engine,Search Engine,Windows
330,00000000,2018-08-13 21:43:31,Indonesia,https://algorit.ma/,desktop,Chrome 68.0.3440,Linux,Media Publishing,Media Publishing,Linux
331,00000000,2018-08-14 17:22:40,Indonesia,https://algorit.ma/,phone,Chrome Mobile 68.0.3440,Android 7.0,Friends / Family - Friends. Student of unikom jogja,Friends / Family ,Android
332,00000000,2018-08-14 19:01:20,Indonesia,https://algorit.ma/,desktop,Chrome 68.0.3440,Windows 10,Friends / Family - sofyan,Friends / Family ,Windows
333,00000000,2018-08-15 02:02:54,Indonesia,https://algorit.ma/,desktop,Firefox 61.0,Windows 7,Media Publishing,Media Publishing,Windows
334,00000000,2018-08-15 08:40:29,Indonesia,https://algorit.ma/,desktop,Chrome 68.0.3440,Windows 10,Search Engine,Search Engine,Windows
335,00000000,2018-08-15 08:58:23,Indonesia,https://algorit.ma/,desktop,Chrome 68.0.3440,Windows 7,Social Media / Online Ads,Social Media / Online Ads,Windows
336,00000000,2018-08-15 11:36:32,Indonesia,https://algorit.ma/,desktop,Chrome 68.0.3440,Windows 10,Social Media / Online Ads,Social Media / Online Ads,Windows
337,00000000,2018-08-15 23:54:44,Indonesia,https://algorit.ma/,desktop,Chrome 68.0.3440,Windows 7,Social Media / Online Ads,Social Media / Online Ads,Windows
338,00000000,2018-08-16 01:30:23,Indonesia,https://algorit.ma/,desktop,Firefox 62.0,Windows 10,Others - Saya nyari sendiri,Others ,Windows
339,00000000,2018-08-16 11:23:46,Indonesia,https://algorit.ma/,desktop,Firefox 58.0,Windows 10,Search Engine,Search Engine,Windows
340,00000000,2018-08-17 07:25:56,Indonesia,https://algorit.ma/,desktop,Chrome 67.0.3396,Windows 10,Media Publishing,Media Publishing,Windows
341,00000000,2018-08-18 06:12:13,Indonesia,https://algorit.ma/,desktop,Chrome 68.0.3440,Windows 10,Search Engine,Search Engine,Windows
342,00000000,2018-08-18 09:05:05,Indonesia,https://algorit.ma/,desktop,Chrome 68.0.3440,Windows 7,Others - koinworks,Others ,Windows
343,00000000,2018-08-18 10:43:11,Indonesia,https://algorit.ma/?user_ref=www.kalibrr.id_organic_job-board__1,desktop,Chrome 68.0.3440,Windows 7,Media Publishing,Media Publishing,Windows
344,00000000,2018-08-18 19:17:54,Indonesia,https://algorit.ma/,desktop,Vivaldi 1.96.1147,Windows 8.1,Others - https://koinworks.com/id/pinjaman/dana-pendidikan#it,Others ,Windows
345,00000000,2018-08-19 06:28:58,Indonesia,https://algorit.ma/,desktop,Firefox 61.0,Windows 10,Social Media / Online Ads,Social Media / Online Ads,Windows
346,00000000,2018-08-19 15:26:19,Indonesia,https://algorit.ma/,desktop,Chrome 68.0.3440,Windows 10,Search Engine,Search Engine,Windows
347,00000000,2018-08-20 02:32:13,Indonesia,https://algorit.ma/,desktop,Firefox 61.0,Windows 8.1,Search Engine,Search Engine,Windows
348,00000000,2018-08-20 07:26:33,Indonesia,https://algorit.ma/,desktop,Firefox 61.0,Windows 8.1,Media Publishing,Media Publishing,Windows
349,00000000,2018-08-21 09:23:14,Indonesia,https://algorit.ma/,desktop,Chrome 68.0.3440,Windows 10,Search Engine,Search Engine,Windows
350,00000000,2018-08-21 18:55:27,Indonesia,https://algorit.ma/,desktop,Firefox 62.0,Windows 7,Search Engine,Search Engine,Windows
351,00000000,2018-08-22 05:08:08,Indonesia,https://algorit.ma/,desktop,Chrome 68.0.3440,Mac OS X 10.11.0,Media Publishing,Media Publishing,Mac
352,00000000,2018-08-22 22:10:19,Indonesia,https://algorit.ma/,desktop,Chrome 68.0.3440,Windows 10,Search Engine,Search Engine,Windows
353,00000000,2018-08-23 01:24:11,Indonesia,https://algorit.ma/,desktop,Chrome 68.0.3440,Windows 7,Social Media / Online Ads,Social Media / Online Ads,Windows
354,00000000,2018-08-23 07:01:19,Indonesia,https://algorit.ma/,desktop,Chrome 68.0.3440,Windows 7,Search Engine,Search Engine,Windows
355,00000000,2018-08-24 16:17:30,Indonesia,https://algorit.ma/,desktop,Firefox 61.0,Windows 10,Media Publishing,Media Publishing,Windows
356,00000000,2018-08-25 03:27:56,Indonesia,https://algorit.ma/,desktop,Chrome 68.0.3440,Windows 10,Search Engine,Search Engine,Windows
357,00000000,2018-08-26 01:15:51,Indonesia,https://algorit.ma/,desktop,Chrome 68.0.3440,Windows 10,Social Media / Online Ads,Social Media / Online Ads,Windows
358,00000000,2018-08-27 01:10:32,Indonesia,https://algorit.ma/,desktop,Chrome 68.0.3440,Windows 7,Media Publishing,Media Publishing,Windows
359,00000000,2018-08-27 06:18:46,Indonesia,https://algorit.ma/,desktop,Maxthon 5.1.3,Windows 7,Email,Email,Windows
360,00000000,2018-08-27 07:08:08,Indonesia,https://algorit.ma/,desktop,Chrome 68.0.3440,Windows 10,Search Engine,Search Engine,Windows
361,00000000,2018-08-27 11:12:06,Indonesia,https://algorit.ma/,desktop,Chrome 65.0.3325,Windows 10,Email,Email,Windows
362,00000000,2018-08-28 13:08:46,Indonesia,https://algorit.ma/,desktop,Chrome 68.0.3440,Mac OS X 10.13.6,Social Media / Online Ads,Social Media / Online Ads,Mac
363,00000000,2018-08-29 03:25:26,Indonesia,https://algorit.ma/,desktop,Firefox 61.0,Windows 7,Social Media / Online Ads,Social Media / Online Ads,Windows
364,00000000,2018-08-29 06:58:16,Indonesia,https://algorit.ma/,desktop,Chrome 68.0.3440,Windows 10,Media Publishing,Media Publishing,Windows
365,00000000,2018-08-29 19:51:42,Indonesia,https://algorit.ma/,desktop,Chrome 68.0.3440,Windows 10,Social Media / Online Ads,Social Media / Online Ads,Windows
366,00000000,2018-08-30 03:49:42,Indonesia,https://algorit.ma/,desktop,Edge 17.17134,Windows 10,Friends / Family - lala,Friends / Family ,Windows
367,00000000,2018-08-31 02:10:35,Indonesia,https://algorit.ma/,phone,Chrome Mobile 56.0.2924,Android 7.0,Social Media / Online Ads,Social Media / Online Ads,Android
368,00000000,2018-08-31 03:05:23,Indonesia,https://algorit.ma/,desktop,Chrome 68.0.3440,Windows 10,Media Publishing,Media Publishing,Windows
369,00000000,2018-08-31 03:06:12,Indonesia,https://algorit.ma/,desktop,Chrome 68.0.3440,Windows 10,Social Media / Online Ads,Social Media / Online Ads,Windows
370,00000000,2018-09-01 14:36:35,Indonesia,https://algorit.ma/,desktop,Chrome 68.0.3440,Windows 10,Others - finhacks,Others ,Windows
371,00000000,2018-09-03 06:19:54,Indonesia,https://algorit.ma/,desktop,Chrome 68.0.3440,Windows 10,Search Engine,Search Engine,Windows
372,00000000,2018-09-03 08:52:34,Indonesia,https://algorit.ma/,desktop,Chrome 68.0.3440,Windows 7,Social Media / Online Ads,Social Media / Online Ads,Windows
373,00000000,2018-09-04 01:51:19,Indonesia,https://algorit.ma/,desktop,Chrome 68.0.3440,Windows 10,Search Engine,Search Engine,Windows
374,00000000,2018-09-05 08:12:31,Indonesia,https://algorit.ma/,desktop,Chrome 69.0.3497,Windows 8.1,Search Engine,Search Engine,Windows
375,00000000,2018-09-05 12:02:41,Indonesia,https://algorit.ma/,desktop,Chrome 68.0.3440,Windows 7,Media Publishing,Media Publishing,Windows
376,00000000,2018-09-06 06:03:52,,https://algorit.ma/,desktop,Opera 55.0.2994,Windows 7,Search Engine,Search Engine,Windows
377,00000000,2018-09-06 10:43:55,Indonesia,https://algorit.ma/,desktop,Chrome 68.0.3440,Windows 10,Social Media / Online Ads,Social Media / Online Ads,Windows
378,00000000,2018-09-06 12:56:09,Singapore,https://algorit.ma/,phone,Chrome Mobile 68.0.3440,Android 5.1,Search Engine,Search Engine,Android
379,00000000,2018-09-06 16:01:03,Indonesia,https://algorit.ma/,phone,Chrome Mobile 67.0.3396,Android 6.0,Others - gojek,Others ,Android
380,00000000,2018-09-07 03:35:08,Indonesia,https://algorit.ma/,desktop,Chrome 68.0.3440,Windows 10,Search Engine,Search Engine,Windows
381,00000000,2018-09-07 08:17:32,Indonesia,https://algorit.ma/,desktop,Chrome 68.0.3440,Windows 8.1,Media Publishing,Media Publishing,Windows
382,00000000,2018-09-07 13:59:14,Indonesia,https://algorit.ma/,desktop,Chrome 68.0.3440,Windows 7,Media Publishing,Media Publishing,Windows
383,00000000,2018-09-07 23:55:23,Indonesia,https://algorit.ma/,desktop,Firefox 62.0,Windows 8.1,Social Media / Online Ads,Social Media / Online Ads,Windows
384,00000000,2018-09-08 07:19:49,Indonesia,https://algorit.ma/,desktop,Firefox 62.0,Ubuntu,Media Publishing,Media Publishing,Linux
385,00000000,2018-09-08 08:08:50,Indonesia,https://algorit.ma/,desktop,Firefox 61.0,Windows 7,Search Engine,Search Engine,Windows
386,00000000,2018-09-09 09:36:43,Indonesia,https://algorit.ma/,desktop,Safari 11.1.2,Mac OS X 10.13.6,Media Publishing,Media Publishing,Mac
387,00000000,2018-09-09 14:46:31,Indonesia,https://algorit.ma/,desktop,Firefox 61.0,Windows 10,Social Media / Online Ads,Social Media / Online Ads,Windows
388,00000000,2018-09-10 07:49:32,Indonesia,https://algorit.ma/,desktop,Chrome 63.0.3239,Linux,"Others - telegram
",Others ,Linux
389,00000000,2018-09-11 17:33:58,Indonesia,https://algorit.ma/,desktop,Chrome 68.0.3440,Windows 7,"Others - finhacks, BCA",Others ,Windows
390,00000000,2018-09-12 01:45:18,Indonesia,https://algorit.ma/,desktop,Chrome 68.0.3440,Windows 10,Social Media / Online Ads,Social Media / Online Ads,Windows
391,00000000,2018-09-13 01:54:50,Indonesia,https://algorit.ma/#top,desktop,Chrome 68.0.3440,Windows 10,Others - i just know,Others ,Windows
392,00000000,2018-09-13 02:41:31,Indonesia,https://algorit.ma/,desktop,Chrome 69.0.3497,Windows 7,Search Engine,Search Engine,Windows
393,00000000,2018-09-13 03:35:52,Indonesia,https://algorit.ma/,desktop,Safari 11.1.2,Mac OS X 10.13.6,Social Media / Online Ads,Social Media / Online Ads,Mac
394,00000000,2018-09-13 04:49:22,Indonesia,https://algorit.ma/,desktop,Opera 55.0.2994,Windows 7,Search Engine,Search Engine,Windows
395,00000000,2018-09-13 06:17:32,Indonesia,https://algorit.ma/,desktop,Firefox 62.0,Windows 7,Search Engine,Search Engine,Windows
396,00000000,2018-09-14 05:38:55,Indonesia,https://algorit.ma/,desktop,Safari 11.1,Mac OS X 10.13.4,Media Publishing,Media Publishing,Mac
397,00000000,2018-09-14 10:56:06,Indonesia,https://algorit.ma/,phone,UC Browser 12.9.2,Android 6.0.1,Social Media / Online Ads,Social Media / Online Ads,Android
398,00000000,2018-09-14 15:13:44,Indonesia,https://algorit.ma/,desktop,Chrome 69.0.3497,Linux,Media Publishing,Media Publishing,Linux
399,00000000,2018-09-15 03:11:16,Indonesia,https://algorit.ma/,desktop,Chrome 68.0.3440,Windows 7,Social Media / Online Ads,Social Media / Online Ads,Windows
400,00000000,2018-09-15 03:33:13,Indonesia,https://algorit.ma/,desktop,Chrome 69.0.3497,Windows 7,Search Engine,Search Engine,Windows
401,00000000,2018-09-17 01:34:53,Indonesia,https://algorit.ma/,desktop,Chrome 68.0.3440,Windows 10,Search Engine,Search Engine,Windows
402,00000000,2018-09-17 04:20:53,Indonesia,https://algorit.ma/,desktop,Chrome 68.0.3440,Windows 10,Search Engine,Search Engine,Windows
403,00000000,2018-09-17 07:32:55,Indonesia,https://algorit.ma/,desktop,Chrome 68.0.3440,Windows 7,Search Engine,Search Engine,Windows
404,00000000,2018-09-17 10:23:34,Indonesia,https://algorit.ma/,desktop,Chrome 68.0.3440,Mac OS X 10.11.6,Social Media / Online Ads,Social Media / Online Ads,Mac
405,00000000,2018-09-18 04:30:33,Indonesia,https://algorit.ma/,desktop,Chrome 68.0.3440,Windows 10,Media Publishing,Media Publishing,Windows
406,00000000,2018-09-18 07:29:15,Indonesia,https://algorit.ma/,desktop,Chrome 69.0.3497,Windows 8.1,Social Media / Online Ads,Social Media / Online Ads,Windows
407,00000000,2018-09-18 10:44:30,Indonesia,https://algorit.ma/,desktop,Chrome 69.0.3497,Windows 10,Search Engine,Search Engine,Windows
408,00000000,2018-09-20 04:53:29,Indonesia,https://algorit.ma/,desktop,Firefox 62.0,Windows 10,Others - campus,Others ,Windows
